district_id,time,gap
1,2016-01-22-46,13.557
2,2016-01-22-46,18.4820464286
3,2016-01-22-46,3.204
4,2016-01-22-46,27.0769333333
5,2016-01-22-46,21.4960464286
6,2016-01-22-46,19.8913333333
7,2016-01-22-46,14.5705
8,2016-01-22-46,12.5725
9,2016-01-22-46,17.7185
10,2016-01-22-46,26.4278333333
11,2016-01-22-46,11.9485
12,2016-01-22-46,18.9885
13,2016-01-22-46,20.789
14,2016-01-22-46,19.3885
15,2016-01-22-46,27.3259166667
16,2016-01-22-46,18.172
17,2016-01-22-46,13.661
18,2016-01-22-46,19.03
19,2016-01-22-46,16.2243452381
20,2016-01-22-46,19.4558952381
21,2016-01-22-46,13.561
22,2016-01-22-46,11.5971666667
23,2016-01-22-46,9.94041666667
24,2016-01-22-46,12.7101666667
25,2016-01-22-46,17.9634785714
26,2016-01-22-46,14.3775416667
27,2016-01-22-46,13.250875
28,2016-01-22-46,12.6914583333
29,2016-01-22-46,25.867875
30,2016-01-22-46,19.7618952381
31,2016-01-22-46,16.9691083333
32,2016-01-22-46,20.6190916667
33,2016-01-22-46,14.7930916667
34,2016-01-22-46,13.2446666667
35,2016-01-22-46,16.800725
36,2016-01-22-46,12.4160833333
37,2016-01-22-46,12.2743333333
38,2016-01-22-46,12.2754166667
39,2016-01-22-46,13.3829583333
40,2016-01-22-46,11.8470297619
41,2016-01-22-46,11.3235
42,2016-01-22-46,10.0345
43,2016-01-22-46,10.0301666667
44,2016-01-22-46,1.452
45,2016-01-22-46,2.05433333333
46,2016-01-22-46,1.737
47,2016-01-22-46,2.45245833333
48,2016-01-22-46,2.207
49,2016-01-22-46,3.573875
50,2016-01-22-46,3.088
51,2016-01-22-46,1.836
52,2016-01-22-46,1.956
53,2016-01-22-46,2.07395833333
54,2016-01-22-46,2.5605
55,2016-01-22-46,2.42
56,2016-01-22-46,2.695
57,2016-01-22-46,2.2075
58,2016-01-22-46,4.019375
59,2016-01-22-46,1.7205
60,2016-01-22-46,2.1495
61,2016-01-22-46,2.61991666667
62,2016-01-22-46,1.61865833333
63,2016-01-22-46,1.75795833333
64,2016-01-22-46,1.7715
65,2016-01-22-46,1.547
66,2016-01-22-46,1.32875
1,2016-01-22-58,1.106
2,2016-01-22-58,2.08978333333
3,2016-01-22-58,2.2585
4,2016-01-22-58,2.18333333333
5,2016-01-22-58,1.6737125
6,2016-01-22-58,1.368325
7,2016-01-22-58,2.62843333333
8,2016-01-22-58,1.43841666667
9,2016-01-22-58,1.88666666667
10,2016-01-22-58,2.408625
11,2016-01-22-58,0.99975
12,2016-01-22-58,1.35508333333
13,2016-01-22-58,1.47741666667
14,2016-01-22-58,1.325
15,2016-01-22-58,1.29916666667
16,2016-01-22-58,3.19678333333
17,2016-01-22-58,2.62933333333
18,2016-01-22-58,2.5025
19,2016-01-22-58,3.07316666667
20,2016-01-22-58,2.363
21,2016-01-22-58,1.603
22,2016-01-22-58,1.7605
23,2016-01-22-58,1.6655
24,2016-01-22-58,2.407
25,2016-01-22-58,2.2605
26,2016-01-22-58,2.038
27,2016-01-22-58,2.0575
28,2016-01-22-58,1.946
29,2016-01-22-58,1.907
30,2016-01-22-58,2.042
31,2016-01-22-58,1.903
32,2016-01-22-58,1.8565
33,2016-01-22-58,2.0845
34,2016-01-22-58,2.066
35,2016-01-22-58,1.949
36,2016-01-22-58,1.922
37,2016-01-22-58,1.76
38,2016-01-22-58,1.915
39,2016-01-22-58,2.744
40,2016-01-22-58,2.596
41,2016-01-22-58,1.9135
42,2016-01-22-58,2.5515
43,2016-01-22-58,2.316
44,2016-01-22-58,2.293
45,2016-01-22-58,2.5565
46,2016-01-22-58,2.1675
47,2016-01-22-58,1.609
48,2016-01-22-58,1.633
49,2016-01-22-58,2.51591666667
50,2016-01-22-58,2.27625
51,2016-01-22-58,2.195
52,2016-01-22-58,1.94383333333
53,2016-01-22-58,2.27708333333
54,2016-01-22-58,4.5615
55,2016-01-22-58,4.23
56,2016-01-22-58,4.5825
57,2016-01-22-58,4.1945
58,2016-01-22-58,3.20575
59,2016-01-22-58,4.893
60,2016-01-22-58,3.589
61,2016-01-22-58,3.589
62,2016-01-22-58,4.6675
63,2016-01-22-58,3.44025
64,2016-01-22-58,2.3295
65,2016-01-22-58,2.09083333333
66,2016-01-22-58,1.4305
1,2016-01-22-70,5.58925
2,2016-01-22-70,4.76525
3,2016-01-22-70,8.11044642857
4,2016-01-22-70,8.161
5,2016-01-22-70,3.66
6,2016-01-22-70,7.2245
7,2016-01-22-70,5.10520833333
8,2016-01-22-70,5.4215
9,2016-01-22-70,8.63
10,2016-01-22-70,6.362
11,2016-01-22-70,4.3095
12,2016-01-22-70,5.4945
13,2016-01-22-70,5.4595
14,2016-01-22-70,4.1505
15,2016-01-22-70,3.9695
16,2016-01-22-70,3.35250833333
17,2016-01-22-70,4.52558333333
18,2016-01-22-70,3.092
19,2016-01-22-70,2.6425
20,2016-01-22-70,6.639
21,2016-01-22-70,5.63166666667
22,2016-01-22-70,3.91716666667
23,2016-01-22-70,2.4915
24,2016-01-22-70,6.259
25,2016-01-22-70,3.1921
26,2016-01-22-70,3.74784166667
27,2016-01-22-70,5.33581666667
28,2016-01-22-70,3.46158333333
29,2016-01-22-70,1.98591666667
30,2016-01-22-70,2.86675
31,2016-01-22-70,1.336225
32,2016-01-22-70,2.592325
33,2016-01-22-70,2.14955
34,2016-01-22-70,2.6125
35,2016-01-22-70,1.5182
36,2016-01-22-70,1.54565
37,2016-01-22-70,3.77746666667
38,2016-01-22-70,1.42230833333
39,2016-01-22-70,2.09404166667
40,2016-01-22-70,1.38729166667
41,2016-01-22-70,1.535
42,2016-01-22-70,1.6365
43,2016-01-22-70,1.709
44,2016-01-22-70,2.411
45,2016-01-22-70,2.3895
46,2016-01-22-70,2.232
47,2016-01-22-70,2.347
48,2016-01-22-70,2.4645
49,2016-01-22-70,2.3615
50,2016-01-22-70,1.98
51,2016-01-22-70,1.828
52,2016-01-22-70,1.932
53,2016-01-22-70,2.0165
54,2016-01-22-70,2.0855
55,2016-01-22-70,1.849
56,2016-01-22-70,2.0155
57,2016-01-22-70,1.9455
58,2016-01-22-70,1.9255
59,2016-01-22-70,2.906
60,2016-01-22-70,2.473
61,2016-01-22-70,2.652
62,2016-01-22-70,2.717
63,2016-01-22-70,2.4585
64,2016-01-22-70,2.3
65,2016-01-22-70,2.50875
66,2016-01-22-70,2.7765
1,2016-01-22-82,2.4405
2,2016-01-22-82,2.493
3,2016-01-22-82,2.32575
4,2016-01-22-82,2.12
5,2016-01-22-82,2.28225
6,2016-01-22-82,2.52716666667
7,2016-01-22-82,2.04025
8,2016-01-22-82,3.66275
9,2016-01-22-82,3.07675
10,2016-01-22-82,4.005
11,2016-01-22-82,3.598
12,2016-01-22-82,3.341
13,2016-01-22-82,3.27075
14,2016-01-22-82,3.043
15,2016-01-22-82,3.2775
16,2016-01-22-82,3.68966666667
17,2016-01-22-82,3.68966666667
18,2016-01-22-82,2.872
19,2016-01-22-82,2.4995
20,2016-01-22-82,2.0475
21,2016-01-22-82,5.06725
22,2016-01-22-82,4.714
23,2016-01-22-82,2.85541666667
24,2016-01-22-82,3.619
25,2016-01-22-82,3.499
26,2016-01-22-82,3.612
27,2016-01-22-82,3.76325
28,2016-01-22-82,2.4635
29,2016-01-22-82,2.57
30,2016-01-22-82,3.0075
31,2016-01-22-82,3.497
32,2016-01-22-82,2.55341666667
33,2016-01-22-82,2.466
34,2016-01-22-82,2.5985
35,2016-01-22-82,2.547
36,2016-01-22-82,2.839
37,2016-01-22-82,2.6205
38,2016-01-22-82,2.7535
39,2016-01-22-82,2.265
40,2016-01-22-82,2.4
41,2016-01-22-82,1.6825
42,2016-01-22-82,2.01283333333
43,2016-01-22-82,1.929
44,2016-01-22-82,1.795
45,2016-01-22-82,1.831
46,2016-01-22-82,2.48558095238
47,2016-01-22-82,2.63260595238
48,2016-01-22-82,1.59633333333
49,2016-01-22-82,1.49208333333
50,2016-01-22-82,1.63491666667
51,2016-01-22-82,2.60891666667
52,2016-01-22-82,3.78396428571
53,2016-01-22-82,4.0605
54,2016-01-22-82,3.31666666667
55,2016-01-22-82,3.24916666667
56,2016-01-22-82,3.739
57,2016-01-22-82,3.99975
58,2016-01-22-82,4.1525
59,2016-01-22-82,3.448
60,2016-01-22-82,4.228
61,2016-01-22-82,7.8545
62,2016-01-22-82,11.7652142857
63,2016-01-22-82,3.3165
64,2016-01-22-82,57.3581309524
65,2016-01-22-82,23.6985892857
66,2016-01-22-82,58.6796309524
1,2016-01-22-94,52.609
2,2016-01-22-94,23.3485
3,2016-01-22-94,31.8445
4,2016-01-22-94,16.939325
5,2016-01-22-94,30.6955
6,2016-01-22-94,38.486
7,2016-01-22-94,22.5465
8,2016-01-22-94,39.42
9,2016-01-22-94,31.5136892857
10,2016-01-22-94,31.741
11,2016-01-22-94,31.7265
12,2016-01-22-94,23.781
13,2016-01-22-94,44.7163583333
14,2016-01-22-94,27.9485428571
15,2016-01-22-94,30.184
16,2016-01-22-94,24.138
17,2016-01-22-94,16.85875
18,2016-01-22-94,17.0975
19,2016-01-22-94,17.825075
20,2016-01-22-94,20.4605
21,2016-01-22-94,28.9925
22,2016-01-22-94,18.656675
23,2016-01-22-94,20.6915916667
24,2016-01-22-94,21.0943785714
25,2016-01-22-94,20.367925
26,2016-01-22-94,30.256375
27,2016-01-22-94,19.401675
28,2016-01-22-94,15.424625
29,2016-01-22-94,14.7762845238
30,2016-01-22-94,14.192125
31,2016-01-22-94,16.7326583333
32,2016-01-22-94,16.1439583333
33,2016-01-22-94,16.2896619048
34,2016-01-22-94,13.9886857143
35,2016-01-22-94,13.19375
36,2016-01-22-94,15.11375
37,2016-01-22-94,12.534
38,2016-01-22-94,40.917
39,2016-01-22-94,34.7965666667
40,2016-01-22-94,29.7115
41,2016-01-22-94,76.8003333333
42,2016-01-22-94,48.6407809524
43,2016-01-22-94,66.4564309524
44,2016-01-22-94,58.21
45,2016-01-22-94,44.1135
46,2016-01-22-94,41.687
47,2016-01-22-94,42.506172619
48,2016-01-22-94,43.322
49,2016-01-22-94,56.294
50,2016-01-22-94,41.3695
51,2016-01-22-94,42.8015
52,2016-01-22-94,42.878672619
53,2016-01-22-94,39.704
54,2016-01-22-94,41.425
55,2016-01-22-94,51.7545
56,2016-01-22-94,35.7224059524
57,2016-01-22-94,40.0804892857
58,2016-01-22-94,34.5085
59,2016-01-22-94,33.35325
60,2016-01-22-94,37.18625
61,2016-01-22-94,31.65225
62,2016-01-22-94,48.1016083333
63,2016-01-22-94,36.35775
64,2016-01-22-94,35.2825
65,2016-01-22-94,48.71745
66,2016-01-22-94,41.8125583333
1,2016-01-22-106,40.934
2,2016-01-22-106,42.8313166667
3,2016-01-22-106,40.1247333333
4,2016-01-22-106,45.4829083333
5,2016-01-22-106,30.0903166667
6,2016-01-22-106,29.4671095238
7,2016-01-22-106,30.3065666667
8,2016-01-22-106,34.6905166667
9,2016-01-22-106,31.11515
10,2016-01-22-106,30.0894261905
11,2016-01-22-106,20.3664559524
12,2016-01-22-106,31.4691166667
13,2016-01-22-106,25.1669166667
14,2016-01-22-106,21.9395166667
15,2016-01-22-106,3.214
16,2016-01-22-106,2.36791666667
17,2016-01-22-106,2.441
18,2016-01-22-106,5.04925
19,2016-01-22-106,4.279
20,2016-01-22-106,6.17146428571
21,2016-01-22-106,4.126
22,2016-01-22-106,3.6865
23,2016-01-22-106,3.1815
24,2016-01-22-106,5.17175
25,2016-01-22-106,4.934
26,2016-01-22-106,5.182
27,2016-01-22-106,4.1035
28,2016-01-22-106,4.3575
29,2016-01-22-106,8.36435595238
30,2016-01-22-106,5.504
31,2016-01-22-106,4.8785
32,2016-01-22-106,5.422
33,2016-01-22-106,3.60666428571
34,2016-01-22-106,3.86495595238
35,2016-01-22-106,2.9205
36,2016-01-22-106,2.5425
37,2016-01-22-106,2.75
38,2016-01-22-106,2.449
39,2016-01-22-106,3.66336428571
40,2016-01-22-106,2.7645
41,2016-01-22-106,2.3825
42,2016-01-22-106,2.2
43,2016-01-22-106,2.49488928571
44,2016-01-22-106,3.20034761905
45,2016-01-22-106,2.1315
46,2016-01-22-106,3.0125
47,2016-01-22-106,1.94216666667
48,2016-01-22-106,1.9512
49,2016-01-22-106,3.07058095238
50,2016-01-22-106,1.82746666667
51,2016-01-22-106,1.9725
52,2016-01-22-106,2.03315833333
53,2016-01-22-106,3.38531666667
54,2016-01-22-106,3.657
55,2016-01-22-106,3.9014
56,2016-01-22-106,3.2009
57,2016-01-22-106,3.4604
58,2016-01-22-106,1.907
59,2016-01-22-106,2.2065
60,2016-01-22-106,2.244
61,2016-01-22-106,2.945
62,2016-01-22-106,3.121
63,2016-01-22-106,2.996
64,2016-01-22-106,3.156
65,2016-01-22-106,3.207
66,2016-01-22-106,2.666
1,2016-01-22-118,2.88
2,2016-01-22-118,3.0305
3,2016-01-22-118,3.1495
4,2016-01-22-118,2.693
5,2016-01-22-118,2.814
6,2016-01-22-118,2.9735
7,2016-01-22-118,2.833
8,2016-01-22-118,2.8525
9,2016-01-22-118,2.8015
10,2016-01-22-118,4.585
11,2016-01-22-118,4.6325
12,2016-01-22-118,4.31775
13,2016-01-22-118,4.1875
14,2016-01-22-118,4.1795
15,2016-01-22-118,4.282
16,2016-01-22-118,4.1795
17,2016-01-22-118,3.80325
18,2016-01-22-118,3.9745
19,2016-01-22-118,4.098
20,2016-01-22-118,3.66475
21,2016-01-22-118,3.26741666667
22,2016-01-22-118,3.31133333333
23,2016-01-22-118,3.252
24,2016-01-22-118,3.36033333333
25,2016-01-22-118,4.08775
26,2016-01-22-118,3.86775
27,2016-01-22-118,4.713
28,2016-01-22-118,4.0715
29,2016-01-22-118,4.62425
30,2016-01-22-118,4.7215
31,2016-01-22-118,4.7215
32,2016-01-22-118,4.31566666667
33,2016-01-22-118,4.46266666667
34,2016-01-22-118,4.284
35,2016-01-22-118,3.3265
36,2016-01-22-118,3.4195
37,2016-01-22-118,2.0625
38,2016-01-22-118,4.66
39,2016-01-22-118,5.94263095238
40,2016-01-22-118,6.139
41,2016-01-22-118,5.679
42,2016-01-22-118,6.0515
43,2016-01-22-118,4.7575
44,2016-01-22-118,5.42713095238
45,2016-01-22-118,5.143
46,2016-01-22-118,7.267
47,2016-01-22-118,5.1055
48,2016-01-22-118,4.842
49,2016-01-22-118,5.61900595238
50,2016-01-22-118,6.1045
51,2016-01-22-118,4.049
52,2016-01-22-118,5.0575
53,2016-01-22-118,3.13583095238
54,2016-01-22-118,3.22963095238
55,2016-01-22-118,2.82575
56,2016-01-22-118,2.34
57,2016-01-22-118,2.4635
58,2016-01-22-118,1.86358333333
59,2016-01-22-118,3.04436071429
60,2016-01-22-118,2.14625
61,2016-01-22-118,2.51508333333
62,2016-01-22-118,1.8845
63,2016-01-22-118,2.53509761905
64,2016-01-22-118,2.19284166667
65,2016-01-22-118,2.52175
66,2016-01-22-118,1.97826666667
1,2016-01-22-130,1.84366666667
2,2016-01-22-130,1.67616666667
3,2016-01-22-130,2.72413095238
4,2016-01-22-130,2.0694
5,2016-01-22-130,1.844
6,2016-01-22-130,1.9885
7,2016-01-22-130,3.3094
8,2016-01-22-130,3.404
9,2016-01-22-130,3.4064
10,2016-01-22-130,3.08015
11,2016-01-22-130,3.1469
12,2016-01-22-130,4.2015
13,2016-01-22-130,5.55590595238
14,2016-01-22-130,2.9165
15,2016-01-22-130,11.3631059524
16,2016-01-22-130,8.88448095238
17,2016-01-22-130,10.6678940476
18,2016-01-22-130,11.257
19,2016-01-22-130,11.3585
20,2016-01-22-130,9.105
21,2016-01-22-130,8.83573095238
22,2016-01-22-130,9.2935
23,2016-01-22-130,12.656
24,2016-01-22-130,10.3895
25,2016-01-22-130,12.0685
26,2016-01-22-130,12.1059059524
27,2016-01-22-130,10.1025
28,2016-01-22-130,10.724
29,2016-01-22-130,11.7845
30,2016-01-22-130,8.82770595238
31,2016-01-22-130,10.4791928571
32,2016-01-22-130,11.1105
33,2016-01-22-130,10.023
34,2016-01-22-130,10.2485
35,2016-01-22-130,10.2455
36,2016-01-22-130,10.8109369048
37,2016-01-22-130,11.6195
38,2016-01-22-130,10.8245
39,2016-01-22-130,10.629
40,2016-01-22-130,11.9513119048
41,2016-01-22-130,13.3080845238
42,2016-01-22-130,12.864375
43,2016-01-22-130,12.323875
44,2016-01-22-130,11.684
45,2016-01-22-130,11.5465
46,2016-01-22-130,10.7833940476
47,2016-01-22-130,6.27775
48,2016-01-22-130,12.8139166667
49,2016-01-22-130,12.771
50,2016-01-22-130,2.51545595238
51,2016-01-22-130,3.07994761905
52,2016-01-22-130,2.6375
53,2016-01-22-130,2.703875
54,2016-01-22-130,3.224
55,2016-01-22-130,2.154
56,2016-01-22-130,2.366
57,2016-01-22-130,2.0955
58,2016-01-22-130,3.4445
59,2016-01-22-130,2.916
60,2016-01-22-130,2.89
61,2016-01-22-130,2.8615
62,2016-01-22-130,2.9335
63,2016-01-22-130,2.673
64,2016-01-22-130,2.766
65,2016-01-22-130,2.6985
66,2016-01-22-130,2.768
1,2016-01-22-142,2.6505
2,2016-01-22-142,2.592
3,2016-01-22-142,2.64
4,2016-01-22-142,2.6735
5,2016-01-22-142,2.6445
6,2016-01-22-142,2.4855
7,2016-01-22-142,3.5085
8,2016-01-22-142,3.1855
9,2016-01-22-142,3.3455
10,2016-01-22-142,3.6395
11,2016-01-22-142,3.5595
12,2016-01-22-142,2.552
13,2016-01-22-142,3.041
14,2016-01-22-142,2.576
15,2016-01-22-142,2.296
16,2016-01-22-142,3.095
17,2016-01-22-142,2.68
18,2016-01-22-142,2.768
19,2016-01-22-142,2.977
20,2016-01-22-142,2.41875
21,2016-01-22-142,2.43225
22,2016-01-22-142,4.9279
23,2016-01-22-142,4.60583333333
24,2016-01-22-142,5.2929
25,2016-01-22-142,4.64415
26,2016-01-22-142,4.1275
27,2016-01-22-142,5.3929
28,2016-01-22-142,4.764
29,2016-01-22-142,5.0175
30,2016-01-22-142,4.8059
31,2016-01-22-142,5.07123333333
32,2016-01-22-142,5.948
33,2016-01-22-142,4.89510595238
34,2016-01-22-142,2.529
35,2016-01-22-142,12.369372619
36,2016-01-22-142,9.78790238095
37,2016-01-22-142,19.9558833333
38,2016-01-22-142,28.7115
39,2016-01-22-142,9.885
40,2016-01-22-142,10.246
41,2016-01-22-142,12.9892809524
42,2016-01-22-142,9.539
43,2016-01-22-142,10.7225
44,2016-01-22-142,10.2675
45,2016-01-22-142,10.453
46,2016-01-22-142,13.2783642857
47,2016-01-22-142,11.5095
48,2016-01-22-142,10.601
49,2016-01-22-142,12.126
50,2016-01-22-142,9.14875595238
51,2016-01-22-142,9.22199761905
52,2016-01-22-142,10.77825
53,2016-01-22-142,9.659
54,2016-01-22-142,11.5175
55,2016-01-22-142,10.485
56,2016-01-22-142,11.0142
57,2016-01-22-142,12.464
58,2016-01-22-142,11.828
59,2016-01-22-142,11.0725
60,2016-01-22-142,13.1540845238
61,2016-01-22-142,9.79306904762
62,2016-01-22-142,13.110125
63,2016-01-22-142,12.4472916667
64,2016-01-22-142,13.6304166667
65,2016-01-22-142,11.67475
66,2016-01-22-142,10.7168440476
1,2016-01-24-58,4.79158333333
2,2016-01-24-58,12.0058333333
3,2016-01-24-58,7.436
4,2016-01-24-58,6.56661428571
5,2016-01-24-58,5.47638928571
6,2016-01-24-58,5.83458333333
7,2016-01-24-58,11.3735833333
8,2016-01-24-58,2.2815
9,2016-01-24-58,2.2375
10,2016-01-24-58,2.2375
11,2016-01-24-58,2.2375
12,2016-01-24-58,2.6935
13,2016-01-24-58,2.6935
14,2016-01-24-58,2.6935
15,2016-01-24-58,2.6485
16,2016-01-24-58,2.6485
17,2016-01-24-58,2.6975
18,2016-01-24-58,2.6975
19,2016-01-24-58,2.6975
20,2016-01-24-58,2.6975
21,2016-01-24-58,2.6695
22,2016-01-24-58,2.7715
23,2016-01-24-58,2.7715
24,2016-01-24-58,2.7715
25,2016-01-24-58,2.7945
26,2016-01-24-58,2.669
27,2016-01-24-58,4.846
28,2016-01-24-58,4.684
29,2016-01-24-58,4.684
30,2016-01-24-58,4.684
31,2016-01-24-58,4.684
32,2016-01-24-58,3.88975
33,2016-01-24-58,3.88975
34,2016-01-24-58,3.834
35,2016-01-24-58,3.834
36,2016-01-24-58,3.716
37,2016-01-24-58,3.485
38,2016-01-24-58,3.485
39,2016-01-24-58,3.485
40,2016-01-24-58,3.485
41,2016-01-24-58,3.485
42,2016-01-24-58,4.277
43,2016-01-24-58,4.277
44,2016-01-24-58,4.277
45,2016-01-24-58,4.277
46,2016-01-24-58,4.277
47,2016-01-24-58,4.49291666667
48,2016-01-24-58,3.98441666667
49,2016-01-24-58,3.98441666667
50,2016-01-24-58,3.98441666667
51,2016-01-24-58,3.98441666667
52,2016-01-24-58,2.4535
53,2016-01-24-58,2.527
54,2016-01-24-58,2.1285
55,2016-01-24-58,4.3085
56,2016-01-24-58,4.4945
57,2016-01-24-58,4.108
58,2016-01-24-58,3.767
59,2016-01-24-58,3.982
60,2016-01-24-58,3.3455
61,2016-01-24-58,4.08825
62,2016-01-24-58,3.1745
63,2016-01-24-58,3.089
64,2016-01-24-58,3.355
65,2016-01-24-58,3.108
66,2016-01-24-58,3.401
1,2016-01-24-70,2.9975
2,2016-01-24-70,2.968
3,2016-01-24-70,3.286
4,2016-01-24-70,3.87675
5,2016-01-24-70,3.9835
6,2016-01-24-70,3.9515
7,2016-01-24-70,3.7255
8,2016-01-24-70,3.471
9,2016-01-24-70,2.596
10,2016-01-24-70,2.6965
11,2016-01-24-70,2.6025
12,2016-01-24-70,2.727
13,2016-01-24-70,3.114
14,2016-01-24-70,2.24836785714
15,2016-01-24-70,2.577875
16,2016-01-24-70,2.44
17,2016-01-24-70,2.66875
18,2016-01-24-70,2.58325
19,2016-01-24-70,4.71225
20,2016-01-24-70,4.765
21,2016-01-24-70,4.4485
22,2016-01-24-70,4.173
23,2016-01-24-70,4.5485
24,2016-01-24-70,4.568
25,2016-01-24-70,4.991
26,2016-01-24-70,5.194
27,2016-01-24-70,5.004
28,2016-01-24-70,4.979
29,2016-01-24-70,2.179
30,2016-01-24-70,2.3635
31,2016-01-24-70,1.9565
32,2016-01-24-70,3.246
33,2016-01-24-70,3.3015
34,2016-01-24-70,3.138
35,2016-01-24-70,3.12
36,2016-01-24-70,3.1305
37,2016-01-24-70,2.807
38,2016-01-24-70,2.8425
39,2016-01-24-70,2.852
40,2016-01-24-70,2.763
41,2016-01-24-70,2.838
42,2016-01-24-70,2.539
43,2016-01-24-70,2.4865
44,2016-01-24-70,2.713
45,2016-01-24-70,2.454
46,2016-01-24-70,2.511
47,2016-01-24-70,3.97716666667
48,2016-01-24-70,3.41566666667
49,2016-01-24-70,3.0985
50,2016-01-24-70,3.36
51,2016-01-24-70,2.962
52,2016-01-24-70,3.02
53,2016-01-24-70,3.14466666667
54,2016-01-24-70,2.277
55,2016-01-24-70,2.0735
56,2016-01-24-70,2.6925
57,2016-01-24-70,2.89965
58,2016-01-24-70,2.93381666667
59,2016-01-24-70,3.145
60,2016-01-24-70,2.982
61,2016-01-24-70,3.01466666667
62,2016-01-24-70,4.778
63,2016-01-24-70,4.51616666667
64,2016-01-24-70,5.5025
65,2016-01-24-70,4.807
66,2016-01-24-70,4.8505
1,2016-01-24-82,5.09616666667
2,2016-01-24-82,3.59266666667
3,2016-01-24-82,3.9165
4,2016-01-24-82,3.98325
5,2016-01-24-82,4.2105
6,2016-01-24-82,2.0145
7,2016-01-24-82,2.462
8,2016-01-24-82,2.204
9,2016-01-24-82,3.9795
10,2016-01-24-82,3.9305
11,2016-01-24-82,3.21125
12,2016-01-24-82,3.0795
13,2016-01-24-82,3.833
14,2016-01-24-82,2.9695
15,2016-01-24-82,3.2015
16,2016-01-24-82,2.791
17,2016-01-24-82,2.8575
18,2016-01-24-82,2.974
19,2016-01-24-82,3.712
20,2016-01-24-82,3.75316666667
21,2016-01-24-82,2.669
22,2016-01-24-82,2.682
23,2016-01-24-82,2.7555
24,2016-01-24-82,2.55066666667
25,2016-01-24-82,2.7875
26,2016-01-24-82,2.522
27,2016-01-24-82,2.921
28,2016-01-24-82,2.6085
29,2016-01-24-82,2.53
30,2016-01-24-82,2.20529166667
31,2016-01-24-82,2.229
32,2016-01-24-82,2.561
33,2016-01-24-82,2.0675
34,2016-01-24-82,2.50597619048
35,2016-01-24-82,2.39716666667
36,2016-01-24-82,2.177
37,2016-01-24-82,1.859
38,2016-01-24-82,2.061875
39,2016-01-24-82,3.15925
40,2016-01-24-82,3.68816666667
41,2016-01-24-82,4.14375
42,2016-01-24-82,4.16525
43,2016-01-24-82,3.9265
44,2016-01-24-82,4.13466666667
45,2016-01-24-82,4.29866666667
46,2016-01-24-82,4.8385
47,2016-01-24-82,3.88975
48,2016-01-24-82,4.1805
49,2016-01-24-82,3.347
50,2016-01-24-82,3.68511666667
51,2016-01-24-82,2.332
52,2016-01-24-82,6.889475
53,2016-01-24-82,5.44761666667
54,2016-01-24-82,6.1431
55,2016-01-24-82,5.081
56,2016-01-24-82,5.4135
57,2016-01-24-82,4.4935
58,2016-01-24-82,4.24261666667
59,2016-01-24-82,4.01
60,2016-01-24-82,4.513
61,2016-01-24-82,4.376
62,2016-01-24-82,4.26
63,2016-01-24-82,4.89911666667
64,2016-01-24-82,4.2815
65,2016-01-24-82,4.1465
66,2016-01-24-82,3.183
1,2016-01-24-94,2.89515
2,2016-01-24-94,2.91015
3,2016-01-24-94,2.4085
4,2016-01-24-94,2.311
5,2016-01-24-94,1.97
6,2016-01-24-94,2.02975
7,2016-01-24-94,2.957525
8,2016-01-24-94,2.35125
9,2016-01-24-94,2.38125
10,2016-01-24-94,1.8595
11,2016-01-24-94,3.51945119048
12,2016-01-24-94,3.44101666667
13,2016-01-24-94,9.00925
14,2016-01-24-94,4.53175
15,2016-01-24-94,1.8665
16,2016-01-24-94,1.74175
17,2016-01-24-94,2.93226666667
18,2016-01-24-94,2.28525
19,2016-01-24-94,1.97125
20,2016-01-24-94,2.38825
21,2016-01-24-94,3.39035833333
22,2016-01-24-94,3.93158333333
23,2016-01-24-94,2.388
24,2016-01-24-94,3.7565
25,2016-01-24-94,2.86075
26,2016-01-24-94,3.7935
27,2016-01-24-94,3.62925
28,2016-01-24-94,2.536
29,2016-01-24-94,8.94874166667
30,2016-01-24-94,6.34335
31,2016-01-24-94,7.2625547619
32,2016-01-24-94,9.0525
33,2016-01-24-94,5.8965
34,2016-01-24-94,5.3165
35,2016-01-24-94,6.79664166667
36,2016-01-24-94,5.7765
37,2016-01-24-94,4.8835
38,2016-01-24-94,5.1445
39,2016-01-24-94,4.9285
40,2016-01-24-94,5.3246
41,2016-01-24-94,4.3095
42,2016-01-24-94,4.396
43,2016-01-24-94,4.698
44,2016-01-24-94,3.62406666667
45,2016-01-24-94,3.25035833333
46,2016-01-24-94,3.87525
47,2016-01-24-94,3.46275
48,2016-01-24-94,3.16475
49,2016-01-24-94,4.62975
50,2016-01-24-94,2.81781666667
51,2016-01-24-94,3.61291666667
52,2016-01-24-94,3.17475
53,2016-01-24-94,5.7135
54,2016-01-24-94,3.52835952381
55,2016-01-24-94,4.62304166667
56,2016-01-24-94,2.8595
57,2016-01-24-94,6.42758333333
58,2016-01-24-94,5.09825
59,2016-01-24-94,5.80196666667
60,2016-01-24-94,4.142425
61,2016-01-24-94,2.74155
62,2016-01-24-94,2.13383333333
63,2016-01-24-94,2.63275
64,2016-01-24-94,2.46163333333
65,2016-01-24-94,3.50601666667
66,2016-01-24-94,2.0585
1,2016-01-24-106,1.774
2,2016-01-24-106,2.329
3,2016-01-24-106,3.0315
4,2016-01-24-106,3.5845
5,2016-01-24-106,2.1265
6,2016-01-24-106,6.15845
7,2016-01-24-106,6.1137
8,2016-01-24-106,5.17625
9,2016-01-24-106,5.2585
10,2016-01-24-106,5.469
11,2016-01-24-106,4.4985
12,2016-01-24-106,4.19171666667
13,2016-01-24-106,2.945
14,2016-01-24-106,3.453
15,2016-01-24-106,3.563
16,2016-01-24-106,4.6465
17,2016-01-24-106,5.09403333333
18,2016-01-24-106,3.0805
19,2016-01-24-106,2.7625
20,2016-01-24-106,2.8015
21,2016-01-24-106,3.06854166667
22,2016-01-24-106,2.21416666667
23,2016-01-24-106,2.2445
24,2016-01-24-106,2.0475
25,2016-01-24-106,2.5205
26,2016-01-24-106,2.048
27,2016-01-24-106,2.67736666667
28,2016-01-24-106,2.18916666667
29,2016-01-24-106,2.28891666667
30,2016-01-24-106,1.873
31,2016-01-24-106,3.17139285714
32,2016-01-24-106,2.75160833333
33,2016-01-24-106,2.71966666667
34,2016-01-24-106,2.98808333333
35,2016-01-24-106,2.05333333333
36,2016-01-24-106,2.90825
37,2016-01-24-106,3.67528333333
38,2016-01-24-106,2.5705
39,2016-01-24-106,2.751
40,2016-01-24-106,2.51875
41,2016-01-24-106,4.0245
42,2016-01-24-106,3.14108333333
43,2016-01-24-106,3.1645
44,2016-01-24-106,3.677375
45,2016-01-24-106,3.64675
46,2016-01-24-106,2.257
47,2016-01-24-106,2.42516666667
48,2016-01-24-106,2.178
49,2016-01-24-106,6.233575
50,2016-01-24-106,5.04621666667
51,2016-01-24-106,6.24459166667
52,2016-01-24-106,5.5005
53,2016-01-24-106,6.206
54,2016-01-24-106,4.6025
55,2016-01-24-106,5.81395
56,2016-01-24-106,5.2685
57,2016-01-24-106,5.167
58,2016-01-24-106,4.3305
59,2016-01-24-106,4.843
60,2016-01-24-106,5.41059166667
61,2016-01-24-106,4.9355
62,2016-01-24-106,5.005
63,2016-01-24-106,5.025
64,2016-01-24-106,3.010625
65,2016-01-24-106,3.62203333333
66,2016-01-24-106,3.735
1,2016-01-24-118,3.56875
2,2016-01-24-118,3.0525
3,2016-01-24-118,4.5605
4,2016-01-24-118,4.88795
5,2016-01-24-118,8.0495
6,2016-01-24-118,7.4435
7,2016-01-24-118,3.3785
8,2016-01-24-118,4.18174285714
9,2016-01-24-118,3.95798333333
10,2016-01-24-118,3.1535
11,2016-01-24-118,4.9815
12,2016-01-24-118,3.18158333333
13,2016-01-24-118,2.79275
14,2016-01-24-118,2.75353333333
15,2016-01-24-118,2.97416666667
16,2016-01-24-118,3.07866666667
17,2016-01-24-118,2.98925
18,2016-01-24-118,2.2882
19,2016-01-24-118,3.374
20,2016-01-24-118,1.69291666667
21,2016-01-24-118,2.7355
22,2016-01-24-118,3.05125
23,2016-01-24-118,109.855
24,2016-01-24-118,112.150583333
25,2016-01-24-118,78.2645
26,2016-01-24-118,82.4807166667
27,2016-01-24-118,68.6058333333
28,2016-01-24-118,103.889625
29,2016-01-24-118,72.14325
30,2016-01-24-118,70.35425
31,2016-01-24-118,55.97845
32,2016-01-24-118,77.5193416667
33,2016-01-24-118,65.14
34,2016-01-24-118,65.54675
35,2016-01-24-118,50.6862
36,2016-01-24-118,59.01495
37,2016-01-24-118,140.621175
38,2016-01-24-118,63.80795
39,2016-01-24-118,52.781575
40,2016-01-24-118,69.39
41,2016-01-24-118,51.3658666667
42,2016-01-24-118,152.088016667
43,2016-01-24-118,78.336
44,2016-01-24-118,79.7580833333
45,2016-01-24-118,97.5135
46,2016-01-24-118,74.084
47,2016-01-24-118,167.732266667
48,2016-01-24-118,96.96375
49,2016-01-24-118,91.5080833333
50,2016-01-24-118,112.8365
51,2016-01-24-118,131.827133333
52,2016-01-24-118,135.715308333
53,2016-01-24-118,70.6749916667
54,2016-01-24-118,78.1132916667
55,2016-01-24-118,78.3752416667
56,2016-01-24-118,57.9912833333
57,2016-01-24-118,48.6418833333
58,2016-01-24-118,48.8428083333
59,2016-01-24-118,61.6416416667
60,2016-01-24-118,48.3823166667
61,2016-01-24-118,43.4783416667
62,2016-01-24-118,40.42825
63,2016-01-24-118,37.4449083333
64,2016-01-24-118,39.0164083333
65,2016-01-24-118,37.087325
66,2016-01-24-118,8.9415
1,2016-01-24-130,15.8192916667
2,2016-01-24-130,4.817
3,2016-01-24-130,12.7684916667
4,2016-01-24-130,9.71912142857
5,2016-01-24-130,12.9061166667
6,2016-01-24-130,13.679
7,2016-01-24-130,12.927
8,2016-01-24-130,12.923
9,2016-01-24-130,11.1371880952
10,2016-01-24-130,14.104
11,2016-01-24-130,10.535
12,2016-01-24-130,10.748
13,2016-01-24-130,12.0595
14,2016-01-24-130,17.4767916667
15,2016-01-24-130,15.1165
16,2016-01-24-130,9.7735
17,2016-01-24-130,15.9865
18,2016-01-24-130,10.5845166667
19,2016-01-24-130,17.3881083333
20,2016-01-24-130,18.1653333333
21,2016-01-24-130,9.6015
22,2016-01-24-130,16.9058333333
23,2016-01-24-130,14.964
24,2016-01-24-130,17.3001035714
25,2016-01-24-130,16.951
26,2016-01-24-130,17.5535
27,2016-01-24-130,16.7305
28,2016-01-24-130,16.3604452381
29,2016-01-24-130,19.4555535714
30,2016-01-24-130,14.12835
31,2016-01-24-130,14.53485
32,2016-01-24-130,16.724
33,2016-01-24-130,25.42725
34,2016-01-24-130,18.9791547619
35,2016-01-24-130,15.4523333333
36,2016-01-24-130,19.795
37,2016-01-24-130,23.3515
38,2016-01-24-130,9.80798333333
39,2016-01-24-130,13.0797333333
40,2016-01-24-130,8.1285
41,2016-01-24-130,18.6283333333
42,2016-01-24-130,15.0729166667
43,2016-01-24-130,3.2055
44,2016-01-24-130,4.76621666667
45,2016-01-24-130,2.576
46,2016-01-24-130,6.7587
47,2016-01-24-130,6.27153333333
48,2016-01-24-130,6.45471666667
49,2016-01-24-130,5.929
50,2016-01-24-130,6.102
51,2016-01-24-130,6.3895
52,2016-01-24-130,6.6122
53,2016-01-24-130,5.559
54,2016-01-24-130,6.346
55,2016-01-24-130,7.9885
56,2016-01-24-130,7.651
57,2016-01-24-130,10.5620958333
58,2016-01-24-130,6.607
59,2016-01-24-130,6.3825
60,2016-01-24-130,9.976
61,2016-01-24-130,4.57054166667
62,2016-01-24-130,8.47473809524
63,2016-01-24-130,4.2535
64,2016-01-24-130,4.025
65,2016-01-24-130,7.58966666667
66,2016-01-24-130,4.24316666667
1,2016-01-24-142,7.16454166667
2,2016-01-24-142,11.97
3,2016-01-24-142,8.314
4,2016-01-24-142,6.779
5,2016-01-24-142,9.43958809524
6,2016-01-24-142,4.77203333333
7,2016-01-24-142,7.59923333333
8,2016-01-24-142,10.8645
9,2016-01-24-142,4.58916666667
10,2016-01-24-142,4.38525
11,2016-01-24-142,4.286075
12,2016-01-24-142,3.04966666667
13,2016-01-24-142,3.74066666667
14,2016-01-24-142,3.03325
15,2016-01-24-142,3.52058333333
16,2016-01-24-142,3.65358333333
17,2016-01-24-142,3.42341666667
18,2016-01-24-142,3.1855
19,2016-01-24-142,3.295
20,2016-01-24-142,2.783
21,2016-01-24-142,2.92675
22,2016-01-24-142,3.193
23,2016-01-24-142,3.427
24,2016-01-24-142,3.26075
25,2016-01-24-142,4.1925
26,2016-01-24-142,2.805
27,2016-01-24-142,5.1835
28,2016-01-24-142,3.198
29,2016-01-24-142,3.49125
30,2016-01-24-142,4.7515
31,2016-01-24-142,3.2655
32,2016-01-24-142,2.889
33,2016-01-24-142,2.9525
34,2016-01-24-142,5.23933333333
35,2016-01-24-142,6.0815
36,2016-01-24-142,3.356
37,2016-01-24-142,4.5925
38,2016-01-24-142,4.03266666667
39,2016-01-24-142,2.76775
40,2016-01-24-142,2.8445
41,2016-01-24-142,2.4225
42,2016-01-24-142,2.6715
43,2016-01-24-142,2.832
44,2016-01-24-142,3.53466666667
45,2016-01-24-142,3.033
46,2016-01-24-142,4.384
47,2016-01-24-142,2.247
48,2016-01-24-142,3.29166666667
49,2016-01-24-142,2.29575
50,2016-01-24-142,1.74825
51,2016-01-24-142,2.61775
52,2016-01-24-142,2.56866666667
53,2016-01-24-142,3.851
54,2016-01-24-142,4.86358333333
55,2016-01-24-142,4.9545
56,2016-01-24-142,3.975875
57,2016-01-24-142,3.77325
58,2016-01-24-142,4.442
59,2016-01-24-142,4.44425
60,2016-01-24-142,4.23075
61,2016-01-24-142,4.64025
62,2016-01-24-142,4.24275
63,2016-01-24-142,6.0815
64,2016-01-24-142,6.56361666667
65,2016-01-24-142,2.8725
66,2016-01-24-142,12.9379083333
1,2016-01-26-46,9.68990833333
2,2016-01-26-46,11.4657833333
3,2016-01-26-46,10.986
4,2016-01-26-46,11.6585
5,2016-01-26-46,11.2905
6,2016-01-26-46,8.88903333333
7,2016-01-26-46,9.9015
8,2016-01-26-46,16.8215
9,2016-01-26-46,14.117
10,2016-01-26-46,14.3175
11,2016-01-26-46,13.6586
12,2016-01-26-46,13.6235
13,2016-01-26-46,16.5255
14,2016-01-26-46,16.5385
15,2016-01-26-46,18.425375
16,2016-01-26-46,20.0987797619
17,2016-01-26-46,10.9615
18,2016-01-26-46,12.077
19,2016-01-26-46,22.4775
20,2016-01-26-46,17.271
21,2016-01-26-46,22.6436416667
22,2016-01-26-46,13.5001
23,2016-01-26-46,16.1745
24,2016-01-26-46,15.3125
25,2016-01-26-46,23.6739083333
26,2016-01-26-46,26.7969464286
27,2016-01-26-46,17.11725
28,2016-01-26-46,18.40225
29,2016-01-26-46,21.47775
30,2016-01-26-46,26.5965
31,2016-01-26-46,21.0301833333
32,2016-01-26-46,15.53
33,2016-01-26-46,14.1926666667
34,2016-01-26-46,24.7768333333
35,2016-01-26-46,5.3972
36,2016-01-26-46,5.92645
37,2016-01-26-46,5.803
38,2016-01-26-46,8.0525
39,2016-01-26-46,4.50316666667
40,2016-01-26-46,19.097
41,2016-01-26-46,9.0277
42,2016-01-26-46,5.399
43,2016-01-26-46,16.30445
44,2016-01-26-46,14.5371
45,2016-01-26-46,18.118375
46,2016-01-26-46,13.4185
47,2016-01-26-46,15.065
48,2016-01-26-46,13.8045
49,2016-01-26-46,15.3736416667
50,2016-01-26-46,12.725
51,2016-01-26-46,19.5405
52,2016-01-26-46,11.1565
53,2016-01-26-46,15.129
54,2016-01-26-46,14.5145416667
55,2016-01-26-46,16.7045
56,2016-01-26-46,12.669
57,2016-01-26-46,12.232
58,2016-01-26-46,13.9231952381
59,2016-01-26-46,13.1201952381
60,2016-01-26-46,14.276
61,2016-01-26-46,15.002
62,2016-01-26-46,13.312
63,2016-01-26-46,9.315
64,2016-01-26-46,14.1188357143
65,2016-01-26-46,11.676
66,2016-01-26-46,11.20925
1,2016-01-26-58,12.693
2,2016-01-26-58,16.3505119048
3,2016-01-26-58,16.717902381
4,2016-01-26-58,15.19975
5,2016-01-26-58,13.79325
6,2016-01-26-58,16.4425
7,2016-01-26-58,15.8475
8,2016-01-26-58,23.935575
9,2016-01-26-58,7.6345
10,2016-01-26-58,18.1550416667
11,2016-01-26-58,19.73375
12,2016-01-26-58,19.8928666667
13,2016-01-26-58,15.919975
14,2016-01-26-58,19.928
15,2016-01-26-58,21.0326666667
16,2016-01-26-58,23.0311666667
17,2016-01-26-58,4.513
18,2016-01-26-58,5.02490833333
19,2016-01-26-58,3.3265
20,2016-01-26-58,4.6488
21,2016-01-26-58,5.64278333333
22,2016-01-26-58,4.12733333333
23,2016-01-26-58,4.523
24,2016-01-26-58,3.885
25,2016-01-26-58,3.505
26,2016-01-26-58,5.98953333333
27,2016-01-26-58,3.275
28,2016-01-26-58,4.1825
29,2016-01-26-58,4.929
30,2016-01-26-58,4.5205
31,2016-01-26-58,6.894575
32,2016-01-26-58,5.5575
33,2016-01-26-58,3.7425
34,2016-01-26-58,5.2815
35,2016-01-26-58,2.86945
36,2016-01-26-58,2.58624166667
37,2016-01-26-58,2.6025
38,2016-01-26-58,2.5295
39,2016-01-26-58,2.289
40,2016-01-26-58,2.722825
41,2016-01-26-58,5.15499642857
42,2016-01-26-58,4.0005
43,2016-01-26-58,3.0755
44,2016-01-26-58,3.527825
45,2016-01-26-58,4.599625
46,2016-01-26-58,6.7520797619
47,2016-01-26-58,4.735575
48,2016-01-26-58,2.834
49,2016-01-26-58,2.445
50,2016-01-26-58,1.80925
51,2016-01-26-58,4.8674702381
52,2016-01-26-58,3.2818
53,2016-01-26-58,2.87746666667
54,2016-01-26-58,2.3365
55,2016-01-26-58,2.46893333333
56,2016-01-26-58,2.05376666667
57,2016-01-26-58,2.15266666667
58,2016-01-26-58,2.55316666667
59,2016-01-26-58,1.92366666667
60,2016-01-26-58,1.908
61,2016-01-26-58,2.218
62,2016-01-26-58,2.246
63,2016-01-26-58,2.7155
64,2016-01-26-58,3.2325
65,2016-01-26-58,3.03
66,2016-01-26-58,2.713
1,2016-01-26-70,3.292
2,2016-01-26-70,2.455
3,2016-01-26-70,2.278875
4,2016-01-26-70,2.208
5,2016-01-26-70,2.3205
6,2016-01-26-70,2.4855
7,2016-01-26-70,2.3155
8,2016-01-26-70,2.15875
9,2016-01-26-70,2.282
10,2016-01-26-70,2.3615
11,2016-01-26-70,2.1935
12,2016-01-26-70,2.9375
13,2016-01-26-70,2.64075
14,2016-01-26-70,2.497
15,2016-01-26-70,2.7185
16,2016-01-26-70,2.6225
17,2016-01-26-70,2.704
18,2016-01-26-70,2.63525
19,2016-01-26-70,2.593
20,2016-01-26-70,2.6205
21,2016-01-26-70,2.6105
22,2016-01-26-70,2.84941666667
23,2016-01-26-70,2.59166666667
24,2016-01-26-70,2.7295
25,2016-01-26-70,2.865
26,2016-01-26-70,2.71891666667
27,2016-01-26-70,5.3245
28,2016-01-26-70,4.374875
29,2016-01-26-70,5.949
30,2016-01-26-70,4.4705
31,2016-01-26-70,4.887
32,2016-01-26-70,4.595125
33,2016-01-26-70,3.726625
34,2016-01-26-70,4.279
35,2016-01-26-70,4.536
36,2016-01-26-70,4.5205
37,2016-01-26-70,2.0415
38,2016-01-26-70,2.43525
39,2016-01-26-70,2.11
40,2016-01-26-70,2.50375
41,2016-01-26-70,2.18775
42,2016-01-26-70,2.18775
43,2016-01-26-70,2.248
44,2016-01-26-70,2.3115
45,2016-01-26-70,1.908
46,2016-01-26-70,2.25975
47,2016-01-26-70,2.0775
48,2016-01-26-70,2.1005
49,2016-01-26-70,2.2085
50,2016-01-26-70,1.928
51,2016-01-26-70,1.86075
52,2016-01-26-70,2.0405
53,2016-01-26-70,2.04
54,2016-01-26-70,1.9525
55,2016-01-26-70,1.76125
56,2016-01-26-70,2.174
57,2016-01-26-70,2.2335
58,2016-01-26-70,1.8845
59,2016-01-26-70,2.1775
60,2016-01-26-70,1.408
61,2016-01-26-70,1.57825
62,2016-01-26-70,1.441
63,2016-01-26-70,1.4915
64,2016-01-26-70,1.3995
65,2016-01-26-70,1.7335
66,2016-01-26-70,1.95075
1,2016-01-26-82,1.932
2,2016-01-26-82,1.653875
3,2016-01-26-82,1.888
4,2016-01-26-82,4.3765
5,2016-01-26-82,3.599875
6,2016-01-26-82,4.3975
7,2016-01-26-82,4.19925
8,2016-01-26-82,4.0465
9,2016-01-26-82,5.150375
10,2016-01-26-82,4.482125
11,2016-01-26-82,4.236125
12,2016-01-26-82,4.725
13,2016-01-26-82,4.96683333333
14,2016-01-26-82,2.0455
15,2016-01-26-82,2.2205
16,2016-01-26-82,2.3875
17,2016-01-26-82,3.019
18,2016-01-26-82,3.035
19,2016-01-26-82,2.3495
20,2016-01-26-82,2.738
21,2016-01-26-82,2.809
22,2016-01-26-82,2.858
23,2016-01-26-82,2.5125
24,2016-01-26-82,2.51
25,2016-01-26-82,2.7785
26,2016-01-26-82,2.7495
27,2016-01-26-82,2.7545
28,2016-01-26-82,1.969875
29,2016-01-26-82,2.3705
30,2016-01-26-82,2.7855
31,2016-01-26-82,2.3985
32,2016-01-26-82,3.665
33,2016-01-26-82,2.875
34,2016-01-26-82,2.863
35,2016-01-26-82,3.059
36,2016-01-26-82,2.47
37,2016-01-26-82,2.579
38,2016-01-26-82,2.9505
39,2016-01-26-82,2.603
40,2016-01-26-82,2.621
41,2016-01-26-82,2.5655
42,2016-01-26-82,2.8825
43,2016-01-26-82,2.64966666667
44,2016-01-26-82,2.64316666667
45,2016-01-26-82,2.87316666667
46,2016-01-26-82,2.56275
47,2016-01-26-82,4.29825
48,2016-01-26-82,3.84370833333
49,2016-01-26-82,5.209
50,2016-01-26-82,4.2415
51,2016-01-26-82,4.08625
52,2016-01-26-82,4.762625
53,2016-01-26-82,4.762625
54,2016-01-26-82,4.4475
55,2016-01-26-82,4.429
56,2016-01-26-82,4.369
57,2016-01-26-82,1.6075
58,2016-01-26-82,1.968
59,2016-01-26-82,1.9395
60,2016-01-26-82,2.02675
61,2016-01-26-82,2.43125
62,2016-01-26-82,2.50125
63,2016-01-26-82,2.0455
64,2016-01-26-82,2.283
65,2016-01-26-82,2.34
66,2016-01-26-82,1.98475
1,2016-01-26-94,2.0525
2,2016-01-26-94,2.0735
3,2016-01-26-94,1.994
4,2016-01-26-94,1.981
5,2016-01-26-94,1.86416666667
6,2016-01-26-94,1.7335
7,2016-01-26-94,1.9275
8,2016-01-26-94,1.914
9,2016-01-26-94,2.31025
10,2016-01-26-94,1.96725
11,2016-01-26-94,1.4495
12,2016-01-26-94,1.8195
13,2016-01-26-94,1.981
14,2016-01-26-94,1.4955
15,2016-01-26-94,2.1965
16,2016-01-26-94,1.438
17,2016-01-26-94,1.658
18,2016-01-26-94,1.663
19,2016-01-26-94,2.15678333333
20,2016-01-26-94,2.36875
21,2016-01-26-94,1.986375
22,2016-01-26-94,2.2677
23,2016-01-26-94,2.009
24,2016-01-26-94,5.079
25,2016-01-26-94,4.07095833333
26,2016-01-26-94,4.9425
27,2016-01-26-94,4.966
28,2016-01-26-94,4.302
29,2016-01-26-94,5.374375
30,2016-01-26-94,4.49983333333
31,2016-01-26-94,5.4245
32,2016-01-26-94,5.2885
33,2016-01-26-94,5.275
34,2016-01-26-94,1.979
35,2016-01-26-94,2.05525
36,2016-01-26-94,2.1065
37,2016-01-26-94,2.70075
38,2016-01-26-94,2.30625
39,2016-01-26-94,2.55475
40,2016-01-26-94,2.7375
41,2016-01-26-94,2.77
42,2016-01-26-94,2.4095
43,2016-01-26-94,2.63575
44,2016-01-26-94,2.557
45,2016-01-26-94,2.3435
46,2016-01-26-94,2.6875
47,2016-01-26-94,2.634
48,2016-01-26-94,2.4395
49,2016-01-26-94,2.6745
50,2016-01-26-94,2.613
51,2016-01-26-94,2.542
52,2016-01-26-94,2.99625
53,2016-01-26-94,2.9635
54,2016-01-26-94,2.7765
55,2016-01-26-94,2.7015
56,2016-01-26-94,2.92
57,2016-01-26-94,2.4555
58,2016-01-26-94,2.28525
59,2016-01-26-94,2.4705
60,2016-01-26-94,2.288
61,2016-01-26-94,2.9415
62,2016-01-26-94,2.98758333333
63,2016-01-26-94,2.89058333333
64,2016-01-26-94,3.12
65,2016-01-26-94,3.048
66,2016-01-26-94,2.917
1,2016-01-26-106,6.2495
2,2016-01-26-106,5.42770833333
3,2016-01-26-106,6.822
4,2016-01-26-106,5.817
5,2016-01-26-106,5.8875
6,2016-01-26-106,5.788125
7,2016-01-26-106,4.66520833333
8,2016-01-26-106,6.4325
9,2016-01-26-106,5.1805
10,2016-01-26-106,5.1965
11,2016-01-26-106,1.9835
12,2016-01-26-106,2.0925
13,2016-01-26-106,2.3035
14,2016-01-26-106,2.254
15,2016-01-26-106,2.6585
16,2016-01-26-106,2.3445
17,2016-01-26-106,2.3035
18,2016-01-26-106,2.448
19,2016-01-26-106,2.465
20,2016-01-26-106,2.518
21,2016-01-26-106,2.5955
22,2016-01-26-106,2.8055
23,2016-01-26-106,2.552
24,2016-01-26-106,2.8255
25,2016-01-26-106,2.475875
26,2016-01-26-106,2.671
27,2016-01-26-106,2.6945
28,2016-01-26-106,2.56
29,2016-01-26-106,3.3897
30,2016-01-26-106,3.05545
31,2016-01-26-106,3.1195
32,2016-01-26-106,3.116
33,2016-01-26-106,2.9775
34,2016-01-26-106,2.6535
35,2016-01-26-106,2.5597
36,2016-01-26-106,2.994
37,2016-01-26-106,2.639
38,2016-01-26-106,2.7745
39,2016-01-26-106,3.07953333333
40,2016-01-26-106,3.29403333333
41,2016-01-26-106,3.1695
42,2016-01-26-106,3.765
43,2016-01-26-106,3.414
44,2016-01-26-106,7.342
45,2016-01-26-106,6.62645833333
46,2016-01-26-106,8.2325
47,2016-01-26-106,6.661
48,2016-01-26-106,6.556
49,2016-01-26-106,6.217625
50,2016-01-26-106,5.50145833333
51,2016-01-26-106,6.8075
52,2016-01-26-106,6.987
53,2016-01-26-106,6.1275
54,2016-01-26-106,2.208
55,2016-01-26-106,2.402
56,2016-01-26-106,2.3245
57,2016-01-26-106,2.7985
58,2016-01-26-106,2.8115
59,2016-01-26-106,2.759
60,2016-01-26-106,2.621
61,2016-01-26-106,2.7725
62,2016-01-26-106,2.6855
63,2016-01-26-106,2.686
64,2016-01-26-106,2.649
65,2016-01-26-106,2.7785
66,2016-01-26-106,2.786
1,2016-01-26-118,2.7415
2,2016-01-26-118,2.4405
3,2016-01-26-118,2.6365
4,2016-01-26-118,2.6275
5,2016-01-26-118,2.7595
6,2016-01-26-118,3.3597
7,2016-01-26-118,3.0647
8,2016-01-26-118,3.0225
9,2016-01-26-118,3.0905
10,2016-01-26-118,3.162
11,2016-01-26-118,2.6425
12,2016-01-26-118,3.1542
13,2016-01-26-118,2.941
14,2016-01-26-118,2.3775
15,2016-01-26-118,3.139
16,2016-01-26-118,3.56236666667
17,2016-01-26-118,3.74286666667
18,2016-01-26-118,3.756
19,2016-01-26-118,3.24
20,2016-01-26-118,3.84233333333
21,2016-01-26-118,8.6585
22,2016-01-26-118,8.42345833333
23,2016-01-26-118,9.57483333333
24,2016-01-26-118,8.62133333333
25,2016-01-26-118,8.04633333333
26,2016-01-26-118,9.169125
27,2016-01-26-118,7.98045833333
28,2016-01-26-118,9.0705
29,2016-01-26-118,8.4675
30,2016-01-26-118,8.4475
31,2016-01-26-118,19.2475
32,2016-01-26-118,16.3742630952
33,2016-01-26-118,3.0485
34,2016-01-26-118,35.8261666667
35,2016-01-26-118,12.00465
36,2016-01-26-118,36.9395833333
37,2016-01-26-118,22.545
38,2016-01-26-118,20.937
39,2016-01-26-118,34.0835
40,2016-01-26-118,26.792525
41,2016-01-26-118,30.535
42,2016-01-26-118,31.1125
43,2016-01-26-118,28.43
44,2016-01-26-118,38.11975
45,2016-01-26-118,30.1594333333
46,2016-01-26-118,41.10725
47,2016-01-26-118,27.2395
48,2016-01-26-118,31.159
49,2016-01-26-118,16.3585571429
50,2016-01-26-118,11.4503
51,2016-01-26-118,14.791
52,2016-01-26-118,14.1265
53,2016-01-26-118,11.3345
54,2016-01-26-118,10.138
55,2016-01-26-118,16.6337488095
56,2016-01-26-118,20.6306
57,2016-01-26-118,12.6685
58,2016-01-26-118,9.9161
59,2016-01-26-118,15.8858321429
60,2016-01-26-118,12.0857583333
61,2016-01-26-118,11.9035833333
62,2016-01-26-118,11.9195
63,2016-01-26-118,10.4410833333
64,2016-01-26-118,11.9215
65,2016-01-26-118,13.4508083333
66,2016-01-26-118,8.8945
1,2016-01-26-130,12.879
2,2016-01-26-130,12.2931666667
3,2016-01-26-130,12.8411440476
4,2016-01-26-130,12.4286047619
5,2016-01-26-130,12.6455
6,2016-01-26-130,12.222
7,2016-01-26-130,12.4718333333
8,2016-01-26-130,2.291
9,2016-01-26-130,2.405
10,2016-01-26-130,2.36
11,2016-01-26-130,2.115625
12,2016-01-26-130,2.22175
13,2016-01-26-130,2.145625
14,2016-01-26-130,2.157
15,2016-01-26-130,3.2405
16,2016-01-26-130,2.1605
17,2016-01-26-130,2.145375
18,2016-01-26-130,2.7155
19,2016-01-26-130,2.4835
20,2016-01-26-130,2.4325
21,2016-01-26-130,2.5395
22,2016-01-26-130,2.060875
23,2016-01-26-130,2.2325
24,2016-01-26-130,2.2555
25,2016-01-26-130,3.35
26,2016-01-26-130,1.956825
27,2016-01-26-130,2.673
28,2016-01-26-130,2.3685
29,2016-01-26-130,2.3285
30,2016-01-26-130,2.061
31,2016-01-26-130,2.8655
32,2016-01-26-130,2.9689
33,2016-01-26-130,2.915
34,2016-01-26-130,2.974
35,2016-01-26-130,2.2185
36,2016-01-26-130,2.8177
37,2016-01-26-130,3.1168
38,2016-01-26-130,3.29383333333
39,2016-01-26-130,2.9175
40,2016-01-26-130,2.974
41,2016-01-26-130,9.299
42,2016-01-26-130,9.60266666667
43,2016-01-26-130,12.526
44,2016-01-26-130,9.3735
45,2016-01-26-130,9.63416666667
46,2016-01-26-130,9.7055
47,2016-01-26-130,9.15145833333
48,2016-01-26-130,9.63033333333
49,2016-01-26-130,8.92133333333
50,2016-01-26-130,10.46
51,2016-01-26-130,2.4865
52,2016-01-26-130,3.009
53,2016-01-26-130,2.6595
54,2016-01-26-130,2.97975
55,2016-01-26-130,2.69775
56,2016-01-26-130,2.36725
57,2016-01-26-130,2.642
58,2016-01-26-130,2.6955
59,2016-01-26-130,2.4785
60,2016-01-26-130,2.5445
61,2016-01-26-130,2.324
62,2016-01-26-130,2.4545
63,2016-01-26-130,2.8525
64,2016-01-26-130,2.687
65,2016-01-26-130,2.585
66,2016-01-26-130,2.431
1,2016-01-26-142,2.532
2,2016-01-26-142,2.528
3,2016-01-26-142,3.40125
4,2016-01-26-142,2.7292
5,2016-01-26-142,3.301
6,2016-01-26-142,3.008
7,2016-01-26-142,3.198
8,2016-01-26-142,3.166
9,2016-01-26-142,3.1262
10,2016-01-26-142,3.223
11,2016-01-26-142,3.1875
12,2016-01-26-142,3.008
13,2016-01-26-142,4.21103333333
14,2016-01-26-142,4.1902
15,2016-01-26-142,4.12275
16,2016-01-26-142,4.06916666667
17,2016-01-26-142,4.2465
18,2016-01-26-142,14.4945
19,2016-01-26-142,13.0195
20,2016-01-26-142,14.816
21,2016-01-26-142,14.7335
22,2016-01-26-142,12.9165
23,2016-01-26-142,14.93175
24,2016-01-26-142,9.804
25,2016-01-26-142,13.47
26,2016-01-26-142,12.8615
27,2016-01-26-142,12.471
28,2016-01-26-142,2.432
29,2016-01-26-142,2.629
30,2016-01-26-142,2.601
31,2016-01-26-142,2.71625
32,2016-01-26-142,2.54375
33,2016-01-26-142,2.82325
34,2016-01-26-142,2.225
35,2016-01-26-142,2.562
36,2016-01-26-142,2.2125
37,2016-01-26-142,2.5775
38,2016-01-26-142,2.7895
39,2016-01-26-142,2.7735
40,2016-01-26-142,2.6345
41,2016-01-26-142,2.412
42,2016-01-26-142,2.755
43,2016-01-26-142,2.976
44,2016-01-26-142,2.56
45,2016-01-26-142,2.5445
46,2016-01-26-142,3.13525
47,2016-01-26-142,2.985
48,2016-01-26-142,3.0555
49,2016-01-26-142,3.1305
50,2016-01-26-142,3.285
51,2016-01-26-142,2.7945
52,2016-01-26-142,2.72
53,2016-01-26-142,2.883
54,2016-01-26-142,2.678
55,2016-01-26-142,3.0415
56,2016-01-26-142,3.76775
57,2016-01-26-142,3.0895
58,2016-01-26-142,4.0515
59,2016-01-26-142,3.8585
60,2016-01-26-142,3.6635
61,2016-01-26-142,12.8535
62,2016-01-26-142,11.4865
63,2016-01-26-142,13.1675
64,2016-01-26-142,12.683
65,2016-01-26-142,10.603
66,2016-01-26-142,10.53375
1,2016-01-28-58,8.7285
2,2016-01-28-58,11.2565
3,2016-01-28-58,10.345
4,2016-01-28-58,11.4405
5,2016-01-28-58,2.461
6,2016-01-28-58,2.6455
7,2016-01-28-58,2.6975
8,2016-01-28-58,2.7165
9,2016-01-28-58,2.6815
10,2016-01-28-58,2.7775
11,2016-01-28-58,2.503
12,2016-01-28-58,2.888
13,2016-01-28-58,2.79
14,2016-01-28-58,2.777
15,2016-01-28-58,2.6785
16,2016-01-28-58,2.8335
17,2016-01-28-58,2.801
18,2016-01-28-58,2.653
19,2016-01-28-58,2.276
20,2016-01-28-58,2.7
21,2016-01-28-58,2.634
22,2016-01-28-58,2.5735
23,2016-01-28-58,2.8365
24,2016-01-28-58,3.2105
25,2016-01-28-58,3.3105
26,2016-01-28-58,2.6625
27,2016-01-28-58,3.1465
28,2016-01-28-58,2.498
29,2016-01-28-58,2.416375
30,2016-01-28-58,2.545
31,2016-01-28-58,2.906
32,2016-01-28-58,2.7245
33,2016-01-28-58,3.53966666667
34,2016-01-28-58,3.3125
35,2016-01-28-58,3.626
36,2016-01-28-58,3.6665
37,2016-01-28-58,3.6895
38,2016-01-28-58,12.4265
39,2016-01-28-58,10.5735
40,2016-01-28-58,12.6331666667
41,2016-01-28-58,10.9375
42,2016-01-28-58,10.8521666667
43,2016-01-28-58,9.3965
44,2016-01-28-58,9.9345
45,2016-01-28-58,10.5335
46,2016-01-28-58,10.3
47,2016-01-28-58,10.636
48,2016-01-28-58,11.9875
49,2016-01-28-58,15.7518166667
50,2016-01-28-58,3.3095
51,2016-01-28-58,12.6706583333
52,2016-01-28-58,16.7946916667
53,2016-01-28-58,19.79055
54,2016-01-28-58,10.175
55,2016-01-28-58,9.992
56,2016-01-28-58,9.696
57,2016-01-28-58,15.9109583333
58,2016-01-28-58,17.3445
59,2016-01-28-58,11.7605
60,2016-01-28-58,14.807
61,2016-01-28-58,19.528
62,2016-01-28-58,43.9868333333
63,2016-01-28-58,26.341
64,2016-01-28-58,21.7005
65,2016-01-28-58,23.531
66,2016-01-28-58,9.39379166667
1,2016-01-28-70,37.0911
2,2016-01-28-70,12.7715
3,2016-01-28-70,11.9145
4,2016-01-28-70,9.489
5,2016-01-28-70,8.196
6,2016-01-28-70,36.8815
7,2016-01-28-70,18.6635
8,2016-01-28-70,12.00475
9,2016-01-28-70,9.54425
10,2016-01-28-70,13.6697488095
11,2016-01-28-70,13.9692821429
12,2016-01-28-70,12.0250166667
13,2016-01-28-70,10.932975
14,2016-01-28-70,10.09125
15,2016-01-28-70,9.40125
16,2016-01-28-70,10.6218
17,2016-01-28-70,3.09225
18,2016-01-28-70,9.77775
19,2016-01-28-70,10.81725
20,2016-01-28-70,9.02762380952
21,2016-01-28-70,8.73111666667
22,2016-01-28-70,12.61675
23,2016-01-28-70,12.486375
24,2016-01-28-70,9.018
25,2016-01-28-70,2.43
26,2016-01-28-70,4.5245
27,2016-01-28-70,2.6685
28,2016-01-28-70,3.1635
29,2016-01-28-70,3.3665
30,2016-01-28-70,3.316
31,2016-01-28-70,3.6625
32,2016-01-28-70,2.4435
33,2016-01-28-70,2.235
34,2016-01-28-70,3.0195
35,2016-01-28-70,2.4415
36,2016-01-28-70,2.5605
37,2016-01-28-70,2.415
38,2016-01-28-70,2.4265
39,2016-01-28-70,3.0595
40,2016-01-28-70,2.304
41,2016-01-28-70,2.4565
42,2016-01-28-70,2.364
43,2016-01-28-70,3.239
44,2016-01-28-70,3.0535
45,2016-01-28-70,2.8935
46,2016-01-28-70,2.8635
47,2016-01-28-70,3.3015
48,2016-01-28-70,2.95
49,2016-01-28-70,2.887
50,2016-01-28-70,2.7515
51,2016-01-28-70,2.8615
52,2016-01-28-70,3.1415
53,2016-01-28-70,3.11125
54,2016-01-28-70,3.09575
55,2016-01-28-70,3.063
56,2016-01-28-70,2.9925
57,2016-01-28-70,2.8935
58,2016-01-28-70,5.80025
59,2016-01-28-70,5.4005
60,2016-01-28-70,7.35
61,2016-01-28-70,5.436
62,2016-01-28-70,5.298
63,2016-01-28-70,5.926
64,2016-01-28-70,5.3625
65,2016-01-28-70,5.8745
66,2016-01-28-70,5.66
1,2016-01-28-82,5.66
2,2016-01-28-82,2.195
3,2016-01-28-82,4.387
4,2016-01-28-82,2.322
5,2016-01-28-82,2.9935
6,2016-01-28-82,3.015
7,2016-01-28-82,3.2045
8,2016-01-28-82,3.2045
9,2016-01-28-82,1.7945
10,2016-01-28-82,1.8995
11,2016-01-28-82,3.14616666667
12,2016-01-28-82,1.5135
13,2016-01-28-82,1.7205
14,2016-01-28-82,1.983
15,2016-01-28-82,1.426
16,2016-01-28-82,3.152
17,2016-01-28-82,1.41
18,2016-01-28-82,1.371
19,2016-01-28-82,1.4045
20,2016-01-28-82,1.43
21,2016-01-28-82,2.047
22,2016-01-28-82,1.392
23,2016-01-28-82,1.392
24,2016-01-28-82,1.4125
25,2016-01-28-82,1.695
26,2016-01-28-82,1.961
27,2016-01-28-82,1.755
28,2016-01-28-82,1.4655
29,2016-01-28-82,1.5355
30,2016-01-28-82,1.664625
31,2016-01-28-82,1.82475
32,2016-01-28-82,1.41783333333
33,2016-01-28-82,1.5755
34,2016-01-28-82,1.76425
35,2016-01-28-82,1.635
36,2016-01-28-82,1.635
37,2016-01-28-82,2.675
38,2016-01-28-82,1.759
39,2016-01-28-82,1.8425
40,2016-01-28-82,2.817875
41,2016-01-28-82,2.6705
42,2016-01-28-82,2.6705
43,2016-01-28-82,2.472
44,2016-01-28-82,2.5155
45,2016-01-28-82,1.615
46,2016-01-28-82,3.4775
47,2016-01-28-82,1.817
48,2016-01-28-82,3.3795
49,2016-01-28-82,2.91
50,2016-01-28-82,2.85
51,2016-01-28-82,1.5735
52,2016-01-28-82,1.705
53,2016-01-28-82,1.5125
54,2016-01-28-82,2.6915
55,2016-01-28-82,1.5795
56,2016-01-28-82,1.454
57,2016-01-28-82,1.434
58,2016-01-28-82,1.8955
59,2016-01-28-82,2.71816666667
60,2016-01-28-82,1.5965
61,2016-01-28-82,1.536
62,2016-01-28-82,1.4475
63,2016-01-28-82,1.739875
64,2016-01-28-82,1.6955
65,2016-01-28-82,1.3385
66,2016-01-28-82,1.293
1,2016-01-28-94,1.7635
2,2016-01-28-94,1.4035
3,2016-01-28-94,1.716
4,2016-01-28-94,1.45
5,2016-01-28-94,1.4635
6,2016-01-28-94,1.438
7,2016-01-28-94,1.28266666667
8,2016-01-28-94,1.31683333333
9,2016-01-28-94,1.494
10,2016-01-28-94,1.307
11,2016-01-28-94,1.2025
12,2016-01-28-94,1.8775
13,2016-01-28-94,1.8915
14,2016-01-28-94,2.485
15,2016-01-28-94,1.6415
16,2016-01-28-94,1.7565
17,2016-01-28-94,2.418875
18,2016-01-28-94,2.2505
19,2016-01-28-94,2.1575
20,2016-01-28-94,2.2245
21,2016-01-28-94,2.1295
22,2016-01-28-94,13.4955
23,2016-01-28-94,15.6554416667
24,2016-01-28-94,2.543
25,2016-01-28-94,27.9115
26,2016-01-28-94,7.9837
27,2016-01-28-94,22.627025
28,2016-01-28-94,22.604
29,2016-01-28-94,10.7985
30,2016-01-28-94,10.7795
31,2016-01-28-94,12.2715666667
32,2016-01-28-94,10.1505
33,2016-01-28-94,24.58
34,2016-01-28-94,21.0105
35,2016-01-28-94,19.982
36,2016-01-28-94,12.413275
37,2016-01-28-94,20.9595
38,2016-01-28-94,21.3545
39,2016-01-28-94,15.858
40,2016-01-28-94,11.7400916667
41,2016-01-28-94,11.495825
42,2016-01-28-94,10.568
43,2016-01-28-94,11.0755
44,2016-01-28-94,9.5805
45,2016-01-28-94,10.3835
46,2016-01-28-94,12.9096833333
47,2016-01-28-94,13.0535
48,2016-01-28-94,12.925
49,2016-01-28-94,8.9885
50,2016-01-28-94,27.1659738095
51,2016-01-28-94,17.2841404762
52,2016-01-28-94,13.1960166667
53,2016-01-28-94,13.3349166667
54,2016-01-28-94,12.28375
55,2016-01-28-94,11.29225
56,2016-01-28-94,17.8015238095
57,2016-01-28-94,7.62275
58,2016-01-28-94,13.48125
59,2016-01-28-94,13.06325
60,2016-01-28-94,13.6470607143
61,2016-01-28-94,12.0854666667
62,2016-01-28-94,11.078875
63,2016-01-28-94,12.456375
64,2016-01-28-94,12.127875
65,2016-01-28-94,1.6315
66,2016-01-28-94,2.2465
1,2016-01-28-106,2.1105
2,2016-01-28-106,1.9485
3,2016-01-28-106,2.0615
4,2016-01-28-106,2.43733333333
5,2016-01-28-106,1.8485
6,2016-01-28-106,2.8645
7,2016-01-28-106,1.733
8,2016-01-28-106,1.7475
9,2016-01-28-106,2.6855
10,2016-01-28-106,2.0085
11,2016-01-28-106,3.191
12,2016-01-28-106,1.8785
13,2016-01-28-106,1.698
14,2016-01-28-106,2.0985
15,2016-01-28-106,2.4455
16,2016-01-28-106,3.128
17,2016-01-28-106,1.14395
18,2016-01-28-106,1.133
19,2016-01-28-106,1.525
20,2016-01-28-106,1.8733
21,2016-01-28-106,1.6323
22,2016-01-28-106,1.221
23,2016-01-28-106,1.348
24,2016-01-28-106,1.2665
25,2016-01-28-106,1.2265
26,2016-01-28-106,0.95825
27,2016-01-28-106,1.36468333333
28,2016-01-28-106,1.42945833333
29,2016-01-28-106,1.324
30,2016-01-28-106,0.98825
31,2016-01-28-106,1.06775
32,2016-01-28-106,1.7805
33,2016-01-28-106,2.621125
34,2016-01-28-106,3.08891666667
35,2016-01-28-106,1.906125
36,2016-01-28-106,1.83814166667
37,2016-01-28-106,3.342825
38,2016-01-28-106,2.495
39,2016-01-28-106,2.6915
40,2016-01-28-106,2.695375
41,2016-01-28-106,3.0935
42,2016-01-28-106,29.845
43,2016-01-28-106,40.013
44,2016-01-28-106,11.6251666667
45,2016-01-28-106,69.684
46,2016-01-28-106,26.6177166667
47,2016-01-28-106,49.7035
48,2016-01-28-106,58.96325
49,2016-01-28-106,49.887
50,2016-01-28-106,53.77275
51,2016-01-28-106,64.01975
52,2016-01-28-106,54.94625
53,2016-01-28-106,63.8491166667
54,2016-01-28-106,61.6392833333
55,2016-01-28-106,48.06675
56,2016-01-28-106,71.1051666667
57,2016-01-28-106,58.15875
58,2016-01-28-106,56.7629166667
59,2016-01-28-106,61.06725
60,2016-01-28-106,47.033925
61,2016-01-28-106,91.7179
62,2016-01-28-106,40.60025
63,2016-01-28-106,47.0160333333
64,2016-01-28-106,61.7565333333
65,2016-01-28-106,29.66125
66,2016-01-28-106,66.6547416667
1,2016-01-28-118,47.6937
2,2016-01-28-118,52.4525333333
3,2016-01-28-118,52.91695
4,2016-01-28-118,35.0776166667
5,2016-01-28-118,38.9687333333
6,2016-01-28-118,24.3686666667
7,2016-01-28-118,33.01175
8,2016-01-28-118,26.3933833333
9,2016-01-28-118,21.9706583333
10,2016-01-28-118,20.2390238095
11,2016-01-28-118,14.6253833333
12,2016-01-28-118,16.66275
13,2016-01-28-118,13.3479583333
14,2016-01-28-118,14.4995666667
15,2016-01-28-118,15.2188166667
16,2016-01-28-118,14.5935
17,2016-01-28-118,12.01825
18,2016-01-28-118,11.69525
19,2016-01-28-118,1.5345
20,2016-01-28-118,1.981
21,2016-01-28-118,1.718
22,2016-01-28-118,1.9745
23,2016-01-28-118,2.5725
24,2016-01-28-118,1.963
25,2016-01-28-118,1.769
26,2016-01-28-118,1.761
27,2016-01-28-118,1.728
28,2016-01-28-118,1.798
29,2016-01-28-118,1.636
30,2016-01-28-118,1.548
31,2016-01-28-118,1.8175
32,2016-01-28-118,1.391
33,2016-01-28-118,1.671
34,2016-01-28-118,1.3895
35,2016-01-28-118,1.3405
36,2016-01-28-118,1.631
37,2016-01-28-118,1.421825
38,2016-01-28-118,1.404
39,2016-01-28-118,1.2825
40,2016-01-28-118,1.2855
41,2016-01-28-118,1.2995
42,2016-01-28-118,1.4078
43,2016-01-28-118,1.44375
44,2016-01-28-118,1.4
45,2016-01-28-118,1.4355
46,2016-01-28-118,1.34105
47,2016-01-28-118,1.259
48,2016-01-28-118,1.38
49,2016-01-28-118,1.578
50,2016-01-28-118,1.426625
51,2016-01-28-118,1.41225
52,2016-01-28-118,2.151
53,2016-01-28-118,2.3295
54,2016-01-28-118,2.842
55,2016-01-28-118,1.702
56,2016-01-28-118,2.0635
57,2016-01-28-118,1.97895833333
58,2016-01-28-118,2.29033333333
59,2016-01-28-118,2.398
60,2016-01-28-118,2.769
61,2016-01-28-118,2.62
62,2016-01-28-118,1.61516666667
63,2016-01-28-118,1.54
64,2016-01-28-118,1.87116666667
65,2016-01-28-118,1.8785
66,2016-01-28-118,1.6345
1,2016-01-28-130,1.7825
2,2016-01-28-130,1.6385
3,2016-01-28-130,1.6165
4,2016-01-28-130,1.75616666667
5,2016-01-28-130,1.59866666667
6,2016-01-28-130,1.50216666667
7,2016-01-28-130,1.5135
8,2016-01-28-130,1.8415
9,2016-01-28-130,1.4375
10,2016-01-28-130,1.969
11,2016-01-28-130,1.346
12,2016-01-28-130,1.4925
13,2016-01-28-130,1.42
14,2016-01-28-130,1.397825
15,2016-01-28-130,1.367
16,2016-01-28-130,1.4815
17,2016-01-28-130,1.3625
18,2016-01-28-130,1.2875
19,2016-01-28-130,1.3985
20,2016-01-28-130,1.414
21,2016-01-28-130,1.6665
22,2016-01-28-130,1.38975
23,2016-01-28-130,1.4115
24,2016-01-28-130,1.415
25,2016-01-28-130,1.38533333333
26,2016-01-28-130,1.3668
27,2016-01-28-130,1.3655
28,2016-01-28-130,1.589
29,2016-01-28-130,1.7955
30,2016-01-28-130,1.85833333333
31,2016-01-28-130,2.331
32,2016-01-28-130,2.24875
33,2016-01-28-130,1.9575
34,2016-01-28-130,2.52445833333
35,2016-01-28-130,2.6225
36,2016-01-28-130,2.4405
37,2016-01-28-130,1.901
38,2016-01-28-130,2.597
39,2016-01-28-130,112.357
40,2016-01-28-130,123.22525
41,2016-01-28-130,89.346
42,2016-01-28-130,158.338325
43,2016-01-28-130,77.9700833333
44,2016-01-28-130,164.611825
45,2016-01-28-130,81.49475
46,2016-01-28-130,71.08045
47,2016-01-28-130,74.0521666667
48,2016-01-28-130,66.453175
49,2016-01-28-130,81.19525
50,2016-01-28-130,104.977
51,2016-01-28-130,82.7216666667
52,2016-01-28-130,90.6944166667
53,2016-01-28-130,157.891875
54,2016-01-28-130,101.60225
55,2016-01-28-130,104.49775
56,2016-01-28-130,104.74925
57,2016-01-28-130,199.448691667
58,2016-01-28-130,202.258066667
59,2016-01-28-130,169.652333333
60,2016-01-28-130,166.761833333
61,2016-01-28-130,166.601833333
62,2016-01-28-130,139.922866667
63,2016-01-28-130,197.46165
64,2016-01-28-130,183.159333333
65,2016-01-28-130,161.787058333
66,2016-01-28-130,184.312333333
1,2016-01-28-142,162.807133333
2,2016-01-28-142,156.913116667
3,2016-01-28-142,151.175925
4,2016-01-28-142,156.31275
5,2016-01-28-142,125.104541667
6,2016-01-28-142,41.3255333333
7,2016-01-28-142,63.63175
8,2016-01-28-142,101.330145238
9,2016-01-28-142,125.547303571
10,2016-01-28-142,126.415428571
11,2016-01-28-142,45.3270583333
12,2016-01-28-142,50.361375
13,2016-01-28-142,35.72075
14,2016-01-28-142,40.891
15,2016-01-28-142,40.55215
16,2016-01-28-142,2.254
17,2016-01-28-142,2.582
18,2016-01-28-142,2.582
19,2016-01-28-142,2.35916666667
20,2016-01-28-142,2.236
21,2016-01-28-142,2.4655
22,2016-01-28-142,1.968
23,2016-01-28-142,2.0055
24,2016-01-28-142,1.6995
25,2016-01-28-142,2.06116666667
26,2016-01-28-142,2.293
27,2016-01-28-142,2.2345
28,2016-01-28-142,2.039
29,2016-01-28-142,2.1435
30,2016-01-28-142,2.209
31,2016-01-28-142,2.2085
32,2016-01-28-142,2.117
33,2016-01-28-142,2.0985
34,2016-01-28-142,1.443
35,2016-01-28-142,1.3165
36,2016-01-28-142,1.4425
37,2016-01-28-142,1.3615
38,2016-01-28-142,1.2775
39,2016-01-28-142,1.336
40,2016-01-28-142,1.548
41,2016-01-28-142,1.4045
42,2016-01-28-142,1.5635
43,2016-01-28-142,1.4215
44,2016-01-28-142,1.3995
45,2016-01-28-142,1.29433333333
46,2016-01-28-142,1.358
47,2016-01-28-142,1.3365
48,2016-01-28-142,1.28683333333
49,2016-01-28-142,1.4035
50,2016-01-28-142,1.593
51,2016-01-28-142,1.927
52,2016-01-28-142,1.463
53,2016-01-28-142,1.624
54,2016-01-28-142,1.739
55,2016-01-28-142,1.739
56,2016-01-28-142,1.5865
57,2016-01-28-142,1.5865
58,2016-01-28-142,1.7575
59,2016-01-28-142,1.698
60,2016-01-28-142,1.877
61,2016-01-28-142,1.8745
62,2016-01-28-142,1.9485
63,2016-01-28-142,1.991
64,2016-01-28-142,1.7985
65,2016-01-28-142,2.4695
66,2016-01-28-142,1.8785
1,2016-01-30-46,2.6125
2,2016-01-30-46,1.822
3,2016-01-30-46,2.8595
4,2016-01-30-46,1.734
5,2016-01-30-46,1.825
6,2016-01-30-46,1.661
7,2016-01-30-46,1.693
8,2016-01-30-46,1.678
9,2016-01-30-46,1.608
10,2016-01-30-46,1.783
11,2016-01-30-46,1.2973
12,2016-01-30-46,1.2675
13,2016-01-30-46,1.439
14,2016-01-30-46,1.4215
15,2016-01-30-46,1.387
16,2016-01-30-46,2.216
17,2016-01-30-46,1.34243333333
18,2016-01-30-46,1.4485
19,2016-01-30-46,2.3695
20,2016-01-30-46,1.25
21,2016-01-30-46,1.16993333333
22,2016-01-30-46,1.39118333333
23,2016-01-30-46,1.34625
24,2016-01-30-46,1.57483333333
25,2016-01-30-46,1.36025
26,2016-01-30-46,1.848
27,2016-01-30-46,1.78183333333
28,2016-01-30-46,2.31976666667
29,2016-01-30-46,2.05866666667
30,2016-01-30-46,1.6625
31,2016-01-30-46,2.291375
32,2016-01-30-46,1.92783333333
33,2016-01-30-46,1.8645
34,2016-01-30-46,2.1035
35,2016-01-30-46,2.25966666667
36,2016-01-30-46,1.9275
37,2016-01-30-46,1.9616
38,2016-01-30-46,1.9245
39,2016-01-30-46,1.996225
40,2016-01-30-46,1.996225
41,2016-01-30-46,1.996225
42,2016-01-30-46,1.9135
43,2016-01-30-46,1.9765
44,2016-01-30-46,1.682
45,2016-01-30-46,1.7321
46,2016-01-30-46,1.6745
47,2016-01-30-46,1.6195
48,2016-01-30-46,1.7195
49,2016-01-30-46,1.42
50,2016-01-30-46,1.4926
51,2016-01-30-46,1.363
52,2016-01-30-46,1.3715
53,2016-01-30-46,1.375
54,2016-01-30-46,1.173375
55,2016-01-30-46,1.1525
56,2016-01-30-46,1.126
57,2016-01-30-46,1.129
58,2016-01-30-46,1.0295
59,2016-01-30-46,1.124
60,2016-01-30-46,1.2265
61,2016-01-30-46,1.204
62,2016-01-30-46,1.218
63,2016-01-30-46,1.1205
64,2016-01-30-46,1.273
65,2016-01-30-46,1.232
66,2016-01-30-46,1.2265
1,2016-01-30-58,1.3225
2,2016-01-30-58,1.298
3,2016-01-30-58,1.291
4,2016-01-30-58,1.261125
5,2016-01-30-58,1.3835
6,2016-01-30-58,1.301
7,2016-01-30-58,1.248125
8,2016-01-30-58,1.363375
9,2016-01-30-58,1.330125
10,2016-01-30-58,1.3845
11,2016-01-30-58,1.358
12,2016-01-30-58,1.3595
13,2016-01-30-58,2.2045
14,2016-01-30-58,2.3565
15,2016-01-30-58,2.3025
16,2016-01-30-58,2.185
17,2016-01-30-58,2.6695
18,2016-01-30-58,2.2285
19,2016-01-30-58,2.3305
20,2016-01-30-58,2.2765
21,2016-01-30-58,1.8505
22,2016-01-30-58,1.56916666667
23,2016-01-30-58,1.7475
24,2016-01-30-58,1.377
25,2016-01-30-58,1.70966666667
26,2016-01-30-58,1.37816666667
27,2016-01-30-58,1.53416666667
28,2016-01-30-58,1.53416666667
29,2016-01-30-58,1.5015
30,2016-01-30-58,1.23016666667
31,2016-01-30-58,1.20154166667
32,2016-01-30-58,1.2805
33,2016-01-30-58,1.439
34,2016-01-30-58,1.3525
35,2016-01-30-58,1.0515
36,2016-01-30-58,1.2575
37,2016-01-30-58,1.41216666667
38,2016-01-30-58,1.425
39,2016-01-30-58,1.203
40,2016-01-30-58,1.393
41,2016-01-30-58,1.307
42,2016-01-30-58,1.3365
43,2016-01-30-58,1.188
44,2016-01-30-58,1.366
45,2016-01-30-58,1.5235
46,2016-01-30-58,1.3595
47,2016-01-30-58,1.372125
48,2016-01-30-58,1.3755
49,2016-01-30-58,1.471
50,2016-01-30-58,1.26
51,2016-01-30-58,1.619375
52,2016-01-30-58,1.473
53,2016-01-30-58,1.4185
54,2016-01-30-58,1.3275
55,2016-01-30-58,1.382
56,2016-01-30-58,1.60866666667
57,2016-01-30-58,1.79775
58,2016-01-30-58,1.61416666667
59,2016-01-30-58,1.82608333333
60,2016-01-30-58,1.87958333333
61,2016-01-30-58,1.78075
62,2016-01-30-58,1.84525
63,2016-01-30-58,1.758
64,2016-01-30-58,1.6685
65,2016-01-30-58,1.64825
66,2016-01-30-58,1.4125
1,2016-01-30-70,1.595
2,2016-01-30-70,1.432
3,2016-01-30-70,1.515
4,2016-01-30-70,1.60875
5,2016-01-30-70,1.5365
6,2016-01-30-70,1.5805
7,2016-01-30-70,1.47
8,2016-01-30-70,1.9184297619
9,2016-01-30-70,2.03488809524
10,2016-01-30-70,1.536
11,2016-01-30-70,1.796
12,2016-01-30-70,1.4515
13,2016-01-30-70,1.47
14,2016-01-30-70,1.85788809524
15,2016-01-30-70,1.8265
16,2016-01-30-70,1.5595
17,2016-01-30-70,1.6365
18,2016-01-30-70,1.99372142857
19,2016-01-30-70,1.66688809524
20,2016-01-30-70,1.7815
21,2016-01-30-70,2.002
22,2016-01-30-70,1.6705
23,2016-01-30-70,1.948
24,2016-01-30-70,1.91438809524
25,2016-01-30-70,1.545
26,2016-01-30-70,1.577
27,2016-01-30-70,1.5375
28,2016-01-30-70,1.76736309524
29,2016-01-30-70,1.97248809524
30,2016-01-30-70,1.7635
31,2016-01-30-70,1.821
32,2016-01-30-70,1.8685
33,2016-01-30-70,2.7455
34,2016-01-30-70,2.32358333333
35,2016-01-30-70,1.7345
36,2016-01-30-70,1.8105
37,2016-01-30-70,2.25758333333
38,2016-01-30-70,2.03325
39,2016-01-30-70,1.866
40,2016-01-30-70,2.1835
41,2016-01-30-70,1.75375
42,2016-01-30-70,2.07158333333
43,2016-01-30-70,2.3445
44,2016-01-30-70,1.7025
45,2016-01-30-70,1.8755
46,2016-01-30-70,1.52975
47,2016-01-30-70,1.96508333333
48,2016-01-30-70,2.098
49,2016-01-30-70,1.81375
50,2016-01-30-70,2.2075
51,2016-01-30-70,1.77617142857
52,2016-01-30-70,1.6707547619
53,2016-01-30-70,1.5895
54,2016-01-30-70,1.49125
55,2016-01-30-70,1.734
56,2016-01-30-70,1.359
57,2016-01-30-70,1.65192142857
58,2016-01-30-70,1.4225
59,2016-01-30-70,1.3375
60,2016-01-30-70,1.4205
61,2016-01-30-70,1.71792142857
62,2016-01-30-70,1.53338809524
63,2016-01-30-70,1.396
64,2016-01-30-70,1.41425
65,2016-01-30-70,1.44675
66,2016-01-30-70,1.5045
1,2016-01-30-82,1.5497547619
2,2016-01-30-82,1.842
3,2016-01-30-82,1.55075
4,2016-01-30-82,1.71483333333
5,2016-01-30-82,2.07107142857
6,2016-01-30-82,1.99398809524
7,2016-01-30-82,1.569
8,2016-01-30-82,1.9525
9,2016-01-30-82,1.5865
10,2016-01-30-82,1.553
11,2016-01-30-82,1.71175
12,2016-01-30-82,1.671
13,2016-01-30-82,1.73058333333
14,2016-01-30-82,1.95275
15,2016-01-30-82,1.76858333333
16,2016-01-30-82,1.724
17,2016-01-30-82,1.759
18,2016-01-30-82,1.6385
19,2016-01-30-82,1.69475
20,2016-01-30-82,1.661
21,2016-01-30-82,1.7115
22,2016-01-30-82,1.586
23,2016-01-30-82,1.753
24,2016-01-30-82,1.77925
25,2016-01-30-82,1.727
26,2016-01-30-82,1.659
27,2016-01-30-82,1.566
28,2016-01-30-82,1.69336309524
29,2016-01-30-82,1.4796547619
30,2016-01-30-82,1.5245
31,2016-01-30-82,1.6505
32,2016-01-30-82,1.5055
33,2016-01-30-82,1.562
34,2016-01-30-82,1.73498809524
35,2016-01-30-82,1.7175
36,2016-01-30-82,1.6375
37,2016-01-30-82,1.6355
38,2016-01-30-82,1.6591547619
39,2016-01-30-82,1.61092142857
40,2016-01-30-82,1.803
41,2016-01-30-82,1.882
42,2016-01-30-82,1.549
43,2016-01-30-82,1.7445
44,2016-01-30-82,1.76632142857
45,2016-01-30-82,1.9225
46,2016-01-30-82,1.9495
47,2016-01-30-82,1.78
48,2016-01-30-82,1.97096309524
49,2016-01-30-82,1.72148809524
50,2016-01-30-82,1.669
51,2016-01-30-82,1.8965
52,2016-01-30-82,1.834
53,2016-01-30-82,2.0625
54,2016-01-30-82,1.84625
55,2016-01-30-82,1.823
56,2016-01-30-82,1.58308333333
57,2016-01-30-82,1.54258333333
58,2016-01-30-82,1.50508333333
59,2016-01-30-82,1.7065
60,2016-01-30-82,1.4645
61,2016-01-30-82,1.369
62,2016-01-30-82,1.45475
63,2016-01-30-82,1.3495
64,2016-01-30-82,1.418
65,2016-01-30-82,1.257
66,2016-01-30-82,1.2115
1,2016-01-30-94,1.49475
2,2016-01-30-94,1.271
3,2016-01-30-94,1.366
4,2016-01-30-94,1.19
5,2016-01-30-94,1.523925
6,2016-01-30-94,1.43175
7,2016-01-30-94,1.3405
8,2016-01-30-94,1.385
9,2016-01-30-94,1.192
10,2016-01-30-94,1.389
11,2016-01-30-94,1.38975
12,2016-01-30-94,1.4735
13,2016-01-30-94,1.578
14,2016-01-30-94,1.547
15,2016-01-30-94,1.61091666667
16,2016-01-30-94,1.48175
17,2016-01-30-94,1.6515
18,2016-01-30-94,1.8185
19,2016-01-30-94,1.648
20,2016-01-30-94,1.673
21,2016-01-30-94,1.63375
22,2016-01-30-94,1.8475
23,2016-01-30-94,1.963
24,2016-01-30-94,1.741
25,2016-01-30-94,1.657125
26,2016-01-30-94,1.59126666667
27,2016-01-30-94,1.777
28,2016-01-30-94,1.772
29,2016-01-30-94,1.6255
30,2016-01-30-94,1.369
31,2016-01-30-94,1.4955
32,2016-01-30-94,1.402
33,2016-01-30-94,1.3145
34,2016-01-30-94,1.3505
35,2016-01-30-94,1.3375
36,2016-01-30-94,1.5735
37,2016-01-30-94,1.338
38,2016-01-30-94,1.3255
39,2016-01-30-94,1.1805
40,2016-01-30-94,1.1085
41,2016-01-30-94,1.3795
42,2016-01-30-94,1.3795
43,2016-01-30-94,1.238
44,2016-01-30-94,0.9935
45,2016-01-30-94,1.171
46,2016-01-30-94,1.1905
47,2016-01-30-94,1.04
48,2016-01-30-94,1.0775
49,2016-01-30-94,0.927
50,2016-01-30-94,1.1435
51,2016-01-30-94,1.2625
52,2016-01-30-94,1.1385
53,2016-01-30-94,1.407
54,2016-01-30-94,1.3062
55,2016-01-30-94,1.3
56,2016-01-30-94,1.436
57,2016-01-30-94,1.1685
58,2016-01-30-94,1.73718333333
59,2016-01-30-94,1.9395
60,2016-01-30-94,1.9395
61,2016-01-30-94,1.8475
62,2016-01-30-94,1.616
63,2016-01-30-94,1.851
64,2016-01-30-94,1.4555
65,2016-01-30-94,2.207
66,2016-01-30-94,2.009
1,2016-01-30-106,1.739
2,2016-01-30-106,1.829875
3,2016-01-30-106,1.48931666667
4,2016-01-30-106,1.8745
5,2016-01-30-106,1.889
6,2016-01-30-106,1.889
7,2016-01-30-106,0.9715
8,2016-01-30-106,1.086
9,2016-01-30-106,1.105
10,2016-01-30-106,1.113
11,2016-01-30-106,1.09
12,2016-01-30-106,1.0445
13,2016-01-30-106,1.161
14,2016-01-30-106,1.175
15,2016-01-30-106,1.081
16,2016-01-30-106,0.8495
17,2016-01-30-106,0.9995
18,2016-01-30-106,1.145
19,2016-01-30-106,1.0515
20,2016-01-30-106,0.8645
21,2016-01-30-106,0.935
22,2016-01-30-106,0.886
23,2016-01-30-106,1.0505
24,2016-01-30-106,0.865
25,2016-01-30-106,0.942875
26,2016-01-30-106,0.8305
27,2016-01-30-106,0.893
28,2016-01-30-106,1.0065
29,2016-01-30-106,0.9125
30,2016-01-30-106,1.033
31,2016-01-30-106,1.026
32,2016-01-30-106,1.2875
33,2016-01-30-106,1.3335
34,2016-01-30-106,1.047
35,2016-01-30-106,1.136
36,2016-01-30-106,1.058
37,2016-01-30-106,1.3925
38,2016-01-30-106,1.3545
39,2016-01-30-106,1.205
40,2016-01-30-106,1.413
41,2016-01-30-106,1.214
42,2016-01-30-106,1.49
43,2016-01-30-106,1.599
44,2016-01-30-106,1.394
45,2016-01-30-106,1.609375
46,2016-01-30-106,1.67866666667
47,2016-01-30-106,1.7015
48,2016-01-30-106,1.555
49,2016-01-30-106,1.365
50,2016-01-30-106,1.19325
51,2016-01-30-106,1.254
52,2016-01-30-106,1.2205
53,2016-01-30-106,1.297
54,2016-01-30-106,1.294
55,2016-01-30-106,1.3445
56,2016-01-30-106,1.307
57,2016-01-30-106,1.464
58,2016-01-30-106,1.1715
59,2016-01-30-106,1.0853
60,2016-01-30-106,1.0853
61,2016-01-30-106,1.569
62,2016-01-30-106,1.204
63,2016-01-30-106,1.176
64,2016-01-30-106,1.216
65,2016-01-30-106,1.2395
66,2016-01-30-106,1.2395
1,2016-01-30-118,1.1175
2,2016-01-30-118,1.23816666667
3,2016-01-30-118,1.20183333333
4,2016-01-30-118,1.501
5,2016-01-30-118,1.2035
6,2016-01-30-118,1.299
7,2016-01-30-118,1.3775
8,2016-01-30-118,1.33603333333
9,2016-01-30-118,1.33603333333
10,2016-01-30-118,1.987
11,2016-01-30-118,1.54
12,2016-01-30-118,1.75041666667
13,2016-01-30-118,1.75041666667
14,2016-01-30-118,2.46925
15,2016-01-30-118,2.37175
16,2016-01-30-118,2.37175
17,2016-01-30-118,2.0945
18,2016-01-30-118,1.76066666667
19,2016-01-30-118,2.011
20,2016-01-30-118,2.3435
21,2016-01-30-118,1.93566666667
22,2016-01-30-118,1.58454166667
23,2016-01-30-118,1.71366666667
24,2016-01-30-118,1.75366666667
25,2016-01-30-118,1.9865
26,2016-01-30-118,1.9865
27,2016-01-30-118,1.27
28,2016-01-30-118,1.3365
29,2016-01-30-118,1.3365
30,2016-01-30-118,1.4505
31,2016-01-30-118,1.4505
32,2016-01-30-118,1.5565
33,2016-01-30-118,1.4805
34,2016-01-30-118,1.3375
35,2016-01-30-118,1.2995
36,2016-01-30-118,1.304
37,2016-01-30-118,1.304
38,2016-01-30-118,1.5365
39,2016-01-30-118,1.2225
40,2016-01-30-118,1.3795
41,2016-01-30-118,1.0195
42,2016-01-30-118,1.335
43,2016-01-30-118,1.27
44,2016-01-30-118,1.0365
45,2016-01-30-118,1.26233333333
46,2016-01-30-118,1.10616666667
47,2016-01-30-118,1.294
48,2016-01-30-118,1.379
49,2016-01-30-118,1.379
50,2016-01-30-118,1.6255
51,2016-01-30-118,1.6255
52,2016-01-30-118,1.483
53,2016-01-30-118,2.1655
54,2016-01-30-118,1.6435
55,2016-01-30-118,2.291
56,2016-01-30-118,1.61283333333
57,2016-01-30-118,1.61283333333
58,2016-01-30-118,2.04933333333
59,2016-01-30-118,2.18516666667
60,2016-01-30-118,2.07716666667
61,2016-01-30-118,2.07716666667
62,2016-01-30-118,2.213
63,2016-01-30-118,2.1095
64,2016-01-30-118,2.1095
65,2016-01-30-118,1.923
66,2016-01-30-118,1.923
1,2016-01-30-130,1.9045
2,2016-01-30-130,1.914
3,2016-01-30-130,1.83366666667
4,2016-01-30-130,0.91
5,2016-01-30-130,0.9065
6,2016-01-30-130,1.0155
7,2016-01-30-130,1.4218
8,2016-01-30-130,1.466
9,2016-01-30-130,1.35375
10,2016-01-30-130,1.35
11,2016-01-30-130,1.2185
12,2016-01-30-130,1.394
13,2016-01-30-130,1.0925
14,2016-01-30-130,1.395
15,2016-01-30-130,1.371
16,2016-01-30-130,1.0935
17,2016-01-30-130,1.2015
18,2016-01-30-130,1.18683333333
19,2016-01-30-130,1.5135
20,2016-01-30-130,1.468
21,2016-01-30-130,1.16
22,2016-01-30-130,0.974533333333
23,2016-01-30-130,0.8406
24,2016-01-30-130,1.06525
25,2016-01-30-130,1.2305
26,2016-01-30-130,1.181
27,2016-01-30-130,1.09275
28,2016-01-30-130,1.71878333333
29,2016-01-30-130,1.05375
30,2016-01-30-130,1.0265
31,2016-01-30-130,1.0045
32,2016-01-30-130,0.98085
33,2016-01-30-130,1.0966
34,2016-01-30-130,1.1415
35,2016-01-30-130,1.35
36,2016-01-30-130,1.194
37,2016-01-30-130,1.438
38,2016-01-30-130,1.17563333333
39,2016-01-30-130,1.44025
40,2016-01-30-130,1.3065
41,2016-01-30-130,1.414
42,2016-01-30-130,1.41
43,2016-01-30-130,1.386
44,2016-01-30-130,1.381
45,2016-01-30-130,1.436
46,2016-01-30-130,1.4015
47,2016-01-30-130,1.072
48,2016-01-30-130,1.075
49,2016-01-30-130,1.1315
50,2016-01-30-130,1.1715
51,2016-01-30-130,1.2145
52,2016-01-30-130,1.191
53,2016-01-30-130,1.282
54,2016-01-30-130,1.298
55,2016-01-30-130,1.265
56,2016-01-30-130,1.312
57,2016-01-30-130,1.284
58,2016-01-30-130,1.3235
59,2016-01-30-130,1.25
60,2016-01-30-130,1.1115
61,2016-01-30-130,0.995
62,2016-01-30-130,1.145
63,2016-01-30-130,1.1355
64,2016-01-30-130,1.0815
65,2016-01-30-130,0.928875
66,2016-01-30-130,0.9385
1,2016-01-30-142,1.0815
2,2016-01-30-142,1.0525
3,2016-01-30-142,1.058
4,2016-01-30-142,1.2165
5,2016-01-30-142,1.1205
6,2016-01-30-142,1.511
7,2016-01-30-142,1.1865
8,2016-01-30-142,1.247
9,2016-01-30-142,1.198
10,2016-01-30-142,1.3005
11,2016-01-30-142,1.3585
12,2016-01-30-142,1.346
13,2016-01-30-142,1.32
14,2016-01-30-142,1.3255
15,2016-01-30-142,1.328
16,2016-01-30-142,1.444
17,2016-01-30-142,1.3675
18,2016-01-30-142,1.245
19,2016-01-30-142,1.39391666667
20,2016-01-30-142,1.39391666667
21,2016-01-30-142,1.252
22,2016-01-30-142,1.4495
23,2016-01-30-142,1.2835
24,2016-01-30-142,1.3315
25,2016-01-30-142,1.301
26,2016-01-30-142,1.3745
27,2016-01-30-142,1.48775
28,2016-01-30-142,1.456
29,2016-01-30-142,1.4385
30,2016-01-30-142,1.6295
31,2016-01-30-142,1.5065
32,2016-01-30-142,1.491
33,2016-01-30-142,1.4875
34,2016-01-30-142,1.546
35,2016-01-30-142,1.599
36,2016-01-30-142,1.5235
37,2016-01-30-142,1.32
38,2016-01-30-142,1.4315
39,2016-01-30-142,1.455
40,2016-01-30-142,1.4205
41,2016-01-30-142,1.174
42,2016-01-30-142,1.296
43,2016-01-30-142,1.165
44,2016-01-30-142,1.349
45,2016-01-30-142,1.285
46,2016-01-30-142,1.302
47,2016-01-30-142,1.352375
48,2016-01-30-142,1.401875
49,2016-01-30-142,1.282375
50,2016-01-30-142,1.250375
51,2016-01-30-142,1.398875
52,2016-01-30-142,1.467375
53,2016-01-30-142,1.540875
54,2016-01-30-142,1.525375
55,2016-01-30-142,1.444375
56,2016-01-30-142,1.389375
57,2016-01-30-142,1.5295
58,2016-01-30-142,1.35283333333
59,2016-01-30-142,1.5235
60,2016-01-30-142,1.4795
61,2016-01-30-142,1.6245
62,2016-01-30-142,1.5965
63,2016-01-30-142,1.46383333333
64,2016-01-30-142,1.3475
65,2016-01-30-142,1.5185
66,2016-01-30-142,1.4585
